province_code,province_name,canton_code,canton_name,parish_code,parish_name
1,AZUAY,101,CUENCA,10101,BELLAVISTA
1,AZUAY,101,CUENCA,10102,CAÑARIBAMBA
1,AZUAY,101,CUENCA,10103,EL BATAN
1,AZUAY,101,CUENCA,10104,EL SAGRARIO
1,AZUAY,101,CUENCA,10105,EL VECINO
1,AZUAY,101,CUENCA,10106,GIL RAMIREZ DAVALOS
1,AZUAY,101,CUENCA,10107,HUAYNACAPAC
1,AZUAY,101,CUENCA,10108,MACHANGARA
1,AZUAY,101,CUENCA,10109,MONAY
1,AZUAY,101,CUENCA,10110,SAN BLAS
1,AZUAY,101,CUENCA,10111,SAN SEBASTIAN
1,AZUAY,101,CUENCA,10112,SUCRE
1,AZUAY,101,CUENCA,10113,TOTORACOCHA
1,AZUAY,101,CUENCA,10114,YANUNCAY
1,AZUAY,101,CUENCA,10115,HERMANO MIGUEL
1,AZUAY,101,CUENCA,10150,CUENCA
1,AZUAY,101,CUENCA,10151,BAÑOS
1,AZUAY,101,CUENCA,10152,CUMBE
1,AZUAY,101,CUENCA,10153,CHAUCHA
1,AZUAY,101,CUENCA,10154,CHECA (JIDCAY)
1,AZUAY,101,CUENCA,10155,CHIQUINTAD
1,AZUAY,101,CUENCA,10156,LLACAO
1,AZUAY,101,CUENCA,10157,MOLLETURO
1,AZUAY,101,CUENCA,10158,NULTI
1,AZUAY,101,CUENCA,10159,OCTAVIO CORDERO PALACIOS (SANTA ROSA)
1,AZUAY,101,CUENCA,10160,PACCHA
1,AZUAY,101,CUENCA,10161,QUINGEO
1,AZUAY,101,CUENCA,10162,RICAURTE
1,AZUAY,101,CUENCA,10163,SAN JOAQUIN
1,AZUAY,101,CUENCA,10164,SANTA ANA
1,AZUAY,101,CUENCA,10165,SAYAUSI
1,AZUAY,101,CUENCA,10166,SIDCAY
1,AZUAY,101,CUENCA,10167,SININCAY
1,AZUAY,101,CUENCA,10168,TARQUI
1,AZUAY,101,CUENCA,10169,TURI
1,AZUAY,101,CUENCA,10170,VALLE
1,AZUAY,101,CUENCA,10171,VICTORIA DEL PORTETE (IRQUIS)
1,AZUAY,102,GIRON,10250,GIRON
1,AZUAY,102,GIRON,10251,ASUNCION
1,AZUAY,102,GIRON,10252,SAN GERARDO
1,AZUAY,103,GUALACEO,10350,GUALACEO
1,AZUAY,103,GUALACEO,10351,CHORDELEG
1,AZUAY,103,GUALACEO,10352,DANIEL CORDOVA TORAL (EL ORIENTE)
1,AZUAY,103,GUALACEO,10353,JADAN
1,AZUAY,103,GUALACEO,10354,MARIANO MORENO
1,AZUAY,103,GUALACEO,10355,PRINCIPAL
1,AZUAY,103,GUALACEO,10356,REMIGIO CRESPO TORAL (GULAG)
1,AZUAY,103,GUALACEO,10357,SAN JUAN
1,AZUAY,103,GUALACEO,10358,ZHIDMAD
1,AZUAY,103,GUALACEO,10359,LUIS CORDERO VEGA
1,AZUAY,103,GUALACEO,10360,SIMÓN BOLÍVAR (CAB. EN GAÑANZOL)
1,AZUAY,104,NABON,10450,NABON
1,AZUAY,104,NABON,10451,COCHAPATA
1,AZUAY,104,NABON,10452,EL PROGRESO (CAB. EN ZHOTA)
1,AZUAY,104,NABON,10453,LAS NIEVES (CHAYA)
1,AZUAY,104,NABON,10454,OÑA
1,AZUAY,104,NABON,10455,LA PAZ
1,AZUAY,105,PAUTE,10550,PAUTE
1,AZUAY,105,PAUTE,10551,AMALUZA
1,AZUAY,105,PAUTE,10552,BULAN (JOSE VICTOR IZQUIERDO)
1,AZUAY,105,PAUTE,10553,CHICAN (GUILLERMO ORTEGA)
1,AZUAY,105,PAUTE,10554,EL CABO
1,AZUAY,105,PAUTE,10555,GUIACHAPALA
1,AZUAY,105,PAUTE,10556,GUARAINAG
1,AZUAY,105,PAUTE,10557,PALMAS
1,AZUAY,105,PAUTE,10558,PAN 
1,AZUAY,105,PAUTE,10559,SAN CRISTOBAL (CARLOS ORDOÑEZ LAZO)
1,AZUAY,105,PAUTE,10560,SEVILLA DE ORO
1,AZUAY,105,PAUTE,10561,TOMEBAMBA
1,AZUAY,105,PAUTE,10562,DUG-DUG
1,AZUAY,106,PUCARA,10650,PUCARA
1,AZUAY,106,PUCARA,10651,CAMILO PONCE ENRIQUEZ (CAB. EN RIO 7 DE MOLLEPONGO)
1,AZUAY,106,PUCARA,10652,SAN RAFAEL DE SHARUG
1,AZUAY,107,SAN FERNANDO,10750,SAN FERNANDO
1,AZUAY,107,SAN FERNANDO,10751,CHUMBLIN
1,AZUAY,108,SANTA ISABEL,10850,SANTA ISABEL (CHAGUARURCO)
1,AZUAY,108,SANTA ISABEL,10851,ABDON CALDERON (LA UNION)
1,AZUAY,108,SANTA ISABEL,10852,EL CARMEN DE PIJILI
1,AZUAY,108,SANTA ISABEL,10853,ZHAGLLI (SHAGLLI)
1,AZUAY,108,SANTA ISABEL,10854,SAN SALVADOR DE CAÑARIBAMBA
1,AZUAY,109,SIGSIG,10950,SIGSIG
1,AZUAY,109,SIGSIG,10951,CUCHIL (CUTCHIL)
1,AZUAY,109,SIGSIG,10952,GIMA
1,AZUAY,109,SIGSIG,10953,GUEL
1,AZUAY,109,SIGSIG,10954,LUDO
1,AZUAY,109,SIGSIG,10955,SAN BARTOLOME
1,AZUAY,109,SIGSIG,10956,SAN JOSE DE RARANGA
1,AZUAY,110,OÑA,11050,SAN FELIPE DE OÑA
1,AZUAY,110,OÑA,11051,SUSUDEL
1,AZUAY,111,CHORDELEG,11150,CHORDELEG
1,AZUAY,111,CHORDELEG,11151,PRINCIPAL
1,AZUAY,111,CHORDELEG,11152,LA UNION
1,AZUAY,111,CHORDELEG,11153,LUIS GALARZA ORELLANA (CAB. EN DELEGSOL)
1,AZUAY,111,CHORDELEG,11154,SAN MARTIN DE PUZHIO
1,AZUAY,112,EL PAN,11250,EL PAN
1,AZUAY,112,EL PAN,11251,AMALUZA
1,AZUAY,112,EL PAN,11252,PALMAS
1,AZUAY,112,EL PAN,11253,SAN VICENTE
1,AZUAY,113,SEVILLA DE ORO,11350,SEVILLA DE ORO
1,AZUAY,113,SEVILLA DE ORO,11351,AMALUZA
1,AZUAY,113,SEVILLA DE ORO,11352,PALMAS
1,AZUAY,114,GUACHAPALA,11450,GUACHAPALA
1,AZUAY,115,CAMILO PONCE ENRIQUEZ,11550,CAMILO PONCE ENRIQUEZ
1,AZUAY,115,CAMILO PONCE ENRIQUEZ,11551,EL CARMEN DE PIJILI
2,BOLIVAR,201,GUARANDA,20101,ANGEL POLIBIO CHAVEZ
2,BOLIVAR,201,GUARANDA,20102,GABRIEL IGNACIO VEINTIMILLA
2,BOLIVAR,201,GUARANDA,20103,GUANUJO
2,BOLIVAR,201,GUARANDA,20150,GUARANDA
2,BOLIVAR,201,GUARANDA,20151,FACUNDO VELA
2,BOLIVAR,201,GUARANDA,20153,JULIO E. MORENO (CATAHUAN GRANDE)
2,BOLIVAR,201,GUARANDA,20154,LAS NAVES
2,BOLIVAR,201,GUARANDA,20155,SALINAS
2,BOLIVAR,201,GUARANDA,20156,SAN LORENZO
2,BOLIVAR,201,GUARANDA,20157,SAN SIMON (YACOTO)
2,BOLIVAR,201,GUARANDA,20158,SANTA FE (SANTA FE)
2,BOLIVAR,201,GUARANDA,20159,SIMIATUG
2,BOLIVAR,201,GUARANDA,20160,SAN LUIS DE PAMBIL
2,BOLIVAR,202,CHILLANES,20250,CHILLANES
2,BOLIVAR,202,CHILLANES,20251,SAN JOSE DEL TAMBO (TAMBOPAMBA)
2,BOLIVAR,203,CHIMBO,20350,SAN JOSE DE CHIMBO
2,BOLIVAR,203,CHIMBO,20351,ASUNCION (ASANCOTO)
2,BOLIVAR,203,CHIMBO,20352,CALUMA
2,BOLIVAR,203,CHIMBO,20353,MAGDALENA (CHAPACOTO)
2,BOLIVAR,203,CHIMBO,20354,SAN SEBASTIAN
2,BOLIVAR,203,CHIMBO,20355,TELIMBELA
2,BOLIVAR,204,ECHEANDIA,20450,ECHEANDIA
2,BOLIVAR,205,SAN MIGUEL,20550,SAN MIGUEL
2,BOLIVAR,205,SAN MIGUEL,20551,BALSAPAMBA
2,BOLIVAR,205,SAN MIGUEL,20552,BILOVAN
2,BOLIVAR,205,SAN MIGUEL,20553,REGULO DE MORA
2,BOLIVAR,205,SAN MIGUEL,20554,SAN PABLO (SAN PABLO DE ATENAS)
2,BOLIVAR,205,SAN MIGUEL,20555,SANTIAGO
2,BOLIVAR,205,SAN MIGUEL,20556,SAN VICENTE
2,BOLIVAR,206,CALUMA,20650,CALUMA
2,BOLIVAR,207,LAS NAVES,20701,LAS MERCEDES
2,BOLIVAR,207,LAS NAVES,20702,LAS NAVES
2,BOLIVAR,207,LAS NAVES,20750,LAS NAVES
3,CAÑAR,301,AZOGUES,30101,AURELIO BAYAS MARTINEZ
3,CAÑAR,301,AZOGUES,30102,AZOGUES
3,CAÑAR,301,AZOGUES,30103,BORRERO
3,CAÑAR,301,AZOGUES,30104,SAN FRANCISCO
3,CAÑAR,301,AZOGUES,30150,AZOGUES
3,CAÑAR,301,AZOGUES,30151,COJITAMBO
3,CAÑAR,301,AZOGUES,30152,DELEG
3,CAÑAR,301,AZOGUES,30153,GUAPAN
3,CAÑAR,301,AZOGUES,30154,JAVIER LOYOLA (CHUQUIPATA)
3,CAÑAR,301,AZOGUES,30155,LUIS CORDERO
3,CAÑAR,301,AZOGUES,30156,PINDILIG
3,CAÑAR,301,AZOGUES,30157,RIVERA
3,CAÑAR,301,AZOGUES,30158,SAN MIGUEL
3,CAÑAR,301,AZOGUES,30159,SOLANO
3,CAÑAR,301,AZOGUES,30160,TADAY
3,CAÑAR,302,BIBLIAN,30250,BIBLIAN
3,CAÑAR,302,BIBLIAN,30251,NAZON
3,CAÑAR,302,BIBLIAN,30252,SAN FRANCISCO DE SAGEO
3,CAÑAR,302,BIBLIAN,30253,TURUPAMBA
3,CAÑAR,302,BIBLIAN,30254,JERUSALEN
3,CAÑAR,303,CAÑAR,30350,CAÑAR
3,CAÑAR,303,CAÑAR,30351,CHONTAMARCA
3,CAÑAR,303,CAÑAR,30352,CHOROCOPTE
3,CAÑAR,303,CAÑAR,30353,GENERAL MORALES (SOCARTE)
3,CAÑAR,303,CAÑAR,30354,GUALLETURO
3,CAÑAR,303,CAÑAR,30355,HONORATO VASQUEZ (TAMBO VIEJO)
3,CAÑAR,303,CAÑAR,30356,INGAPIRCA
3,CAÑAR,303,CAÑAR,30357,JUNCAL
3,CAÑAR,303,CAÑAR,30358,SAN ANTONIO
3,CAÑAR,303,CAÑAR,30359,SUSCAL
3,CAÑAR,303,CAÑAR,30360,TAMBO
3,CAÑAR,303,CAÑAR,30361,ZHUD
3,CAÑAR,303,CAÑAR,30362,VENTURA
3,CAÑAR,303,CAÑAR,30363,DUCUR
3,CAÑAR,304,LA TRONCAL,30450,LA TRONCAL
3,CAÑAR,304,LA TRONCAL,30451,MANUEL J. CALLE
3,CAÑAR,304,LA TRONCAL,30452,PANCHO NEGRO
3,CAÑAR,305,EL TAMBO,30550,EL TAMBO
3,CAÑAR,306,DELEG,30650,DELEG
3,CAÑAR,306,DELEG,30651,SOLANO
3,CAÑAR,307,SUSCAL,30750,SUSCAL
4,CARCHI,401,TULCAN,40101,GONZALES SUAREZ
4,CARCHI,401,TULCAN,40102,TULCAN
4,CARCHI,401,TULCAN,40150,TULCAN
4,CARCHI,401,TULCAN,40151,EL CARMELO (EL PUN)
4,CARCHI,401,TULCAN,40152,HUACA
4,CARCHI,401,TULCAN,40153,JULIO ANDRADE (OREJUELA)
4,CARCHI,401,TULCAN,40154,MALDONADO
4,CARCHI,401,TULCAN,40155,PIOTER
4,CARCHI,401,TULCAN,40156,TOBAR DONOSO (LA BOCANA DE CAMUMBI)
4,CARCHI,401,TULCAN,40157,TUFIÑO
4,CARCHI,401,TULCAN,40158,URBINA (TAYA)
4,CARCHI,401,TULCAN,40159,EL CHICAL
4,CARCHI,401,TULCAN,40160,MARISCAL SUCRE
4,CARCHI,401,TULCAN,40161,SANTA MARTHA DE CUBA
4,CARCHI,402,BOLIVAR,40250,BOLIVAR
4,CARCHI,402,BOLIVAR,40251,GARCIA MORENO
4,CARCHI,402,BOLIVAR,40252,LOS ANDES
4,CARCHI,402,BOLIVAR,40253,MONTE OLIVO
4,CARCHI,402,BOLIVAR,40254,SAN VICENTE DE PUSIR
4,CARCHI,402,BOLIVAR,40255,SAN RAFAEL
4,CARCHI,403,ESPEJO,40301,EL ANGEL
4,CARCHI,403,ESPEJO,40302,27 DE SEPTIEMBRE
4,CARCHI,403,ESPEJO,40350,EL ANGEL
4,CARCHI,403,ESPEJO,40351,EL GOALTAL
4,CARCHI,403,ESPEJO,40352,LA LIBERTAD (ALIZO)
4,CARCHI,403,ESPEJO,40353,SAN ISIDRO
4,CARCHI,404,MIRA,40450,MIRA (CHONTAHUASI)
4,CARCHI,404,MIRA,40451,CONCEPCION
4,CARCHI,404,MIRA,40452,JIJON Y CAAMAÑO (CAB. EN RIO BLANCO)
4,CARCHI,404,MIRA,40453,JUAN MONTALVO (SAN IGNACIO DE QUIL)
4,CARCHI,405,MONTUFAR,40501,GONZALEZ SUAREZ
4,CARCHI,405,MONTUFAR,40502,SAN JOSE
4,CARCHI,405,MONTUFAR,40550,SAN GABRIEL
4,CARCHI,405,MONTUFAR,40551,CRISTOBAL COLON
4,CARCHI,405,MONTUFAR,40552,CHITAN DE NAVARRETE
4,CARCHI,405,MONTUFAR,40553,FERNANDEZ SALVADOR
4,CARCHI,405,MONTUFAR,40554,LA PAZ
4,CARCHI,405,MONTUFAR,40555,PIARTAL
4,CARCHI,406,SAN PEDRO DE HUACA,40650,HUACA
4,CARCHI,406,SAN PEDRO DE HUACA,40651,MARISCAL SUCRE
5,COTOPAXI,501,LATACUNGA,50101,ELOY ALFARO (SAN FELIPE)
5,COTOPAXI,501,LATACUNGA,50102,IGNACIO FLORES (PARQUE FLORES)
5,COTOPAXI,501,LATACUNGA,50103,JUAN MONTALVO (SAN SEBASTIAN)
5,COTOPAXI,501,LATACUNGA,50104,LA MATRIZ
5,COTOPAXI,501,LATACUNGA,50105,SAN BUENAVENTURA
5,COTOPAXI,501,LATACUNGA,50150,LATACUNGA
5,COTOPAXI,501,LATACUNGA,50151,ALAQUES (ALAQUEZ)
5,COTOPAXI,501,LATACUNGA,50152,BELISARIO QUEVEDO (GUANAILIN)
5,COTOPAXI,501,LATACUNGA,50153,GUAITACAMA (GUAYTACAMA)
5,COTOPAXI,501,LATACUNGA,50154,JOSEGUANGO BAJO
5,COTOPAXI,501,LATACUNGA,50155,LAS PAMPAS
5,COTOPAXI,501,LATACUNGA,50156,MULALO
5,COTOPAXI,501,LATACUNGA,50157,11 DE NOVIEMBRE (ILINCHISI)
5,COTOPAXI,501,LATACUNGA,50158,POALO
5,COTOPAXI,501,LATACUNGA,50159,SAN JUAN DE PASTOCALLE
5,COTOPAXI,501,LATACUNGA,50160,SIGCHOS
5,COTOPAXI,501,LATACUNGA,50161,TANICUCHI
5,COTOPAXI,501,LATACUNGA,50162,TOACASO
5,COTOPAXI,501,LATACUNGA,50163,PALO QUEMADO
5,COTOPAXI,502,LA MANA,50201,EL CARMEN
5,COTOPAXI,502,LA MANA,50202,LA MANA
5,COTOPAXI,502,LA MANA,50203,EL TRIUNFO
5,COTOPAXI,502,LA MANA,50250,LA MANA
5,COTOPAXI,502,LA MANA,50251,GUASAGANDA (CAB. EN GUSAGANDA CENTRO)
5,COTOPAXI,502,LA MANA,50252,PUCAYACU
5,COTOPAXI,503,PANGUA,50350,EL CORAZON
5,COTOPAXI,503,PANGUA,50351,MORASPUNGO
5,COTOPAXI,503,PANGUA,50352,PINLLOPATA
5,COTOPAXI,503,PANGUA,50353,RAMON CAMPAÑA
5,COTOPAXI,504,PUJILI,50450,PUJILI
5,COTOPAXI,504,PUJILI,50451,ANGAMARCA
5,COTOPAXI,504,PUJILI,50452,CHUCCHILAN (CHUGCHILAN)
5,COTOPAXI,504,PUJILI,50453,GUANGAJE
5,COTOPAXI,504,PUJILI,50454,ISINLIBI (ISINLIVI)
5,COTOPAXI,504,PUJILI,50455,LA VICTORIA
5,COTOPAXI,504,PUJILI,50456,PILALO
5,COTOPAXI,504,PUJILI,50457,TINGO
5,COTOPAXI,504,PUJILI,50458,ZUMBAHUA
5,COTOPAXI,505,SALCEDO,50550,SAN MIGUEL
5,COTOPAXI,505,SALCEDO,50551,ANTONIO JOSE HOLGUIN (SANTA LUCIA)
5,COTOPAXI,505,SALCEDO,50552,CUSUBAMBA
5,COTOPAXI,505,SALCEDO,50553,MULALILLO
5,COTOPAXI,505,SALCEDO,50554,MULLIQUINDIL (SANTA ANA)
5,COTOPAXI,505,SALCEDO,50555,PANSALEO
5,COTOPAXI,506,SAQUISILI,50650,SAQUISILI
5,COTOPAXI,506,SAQUISILI,50651,CANCHAGUA
5,COTOPAXI,506,SAQUISILI,50652,CHANTILIN
5,COTOPAXI,506,SAQUISILI,50653,COCHAPAMBA
5,COTOPAXI,507,SIGCHOS,50750,SIGCHOS
5,COTOPAXI,507,SIGCHOS,50751,CHUGCHILAN
5,COTOPAXI,507,SIGCHOS,50752,ISINLIVI
5,COTOPAXI,507,SIGCHOS,50753,LAS PAMPAS
5,COTOPAXI,507,SIGCHOS,50754,PALO QUEMADO
6,CHIMBORAZO,601,RIOBAMBA,60101,LIZARZABURU
6,CHIMBORAZO,601,RIOBAMBA,60102,MALDONADO
6,CHIMBORAZO,601,RIOBAMBA,60103,VELASCO
6,CHIMBORAZO,601,RIOBAMBA,60104,VELOZ
6,CHIMBORAZO,601,RIOBAMBA,60105,YARUQUIES
6,CHIMBORAZO,601,RIOBAMBA,60150,RIOBAMBA
6,CHIMBORAZO,601,RIOBAMBA,60151,CACHA (CAB. EN MACHANGARA)
6,CHIMBORAZO,601,RIOBAMBA,60152,CALPI
6,CHIMBORAZO,601,RIOBAMBA,60153,CUBIJIES
6,CHIMBORAZO,601,RIOBAMBA,60154,FLORES
6,CHIMBORAZO,601,RIOBAMBA,60155,LICAN
6,CHIMBORAZO,601,RIOBAMBA,60156,LICTO
6,CHIMBORAZO,601,RIOBAMBA,60157,PUNGALA
6,CHIMBORAZO,601,RIOBAMBA,60158,PUNIN
6,CHIMBORAZO,601,RIOBAMBA,60159,QUIMIAG
6,CHIMBORAZO,601,RIOBAMBA,60160,SAN JUAN
6,CHIMBORAZO,601,RIOBAMBA,60161,SAN LUIS
6,CHIMBORAZO,602,ALAUSI,60250,ALAUSI
6,CHIMBORAZO,602,ALAUSI,60251,ACHUPALLAS
6,CHIMBORAZO,602,ALAUSI,60252,CUMANDA
6,CHIMBORAZO,602,ALAUSI,60253,GUASUNTOS
6,CHIMBORAZO,602,ALAUSI,60254,HUIGRA
6,CHIMBORAZO,602,ALAUSI,60255,MULTITUD
6,CHIMBORAZO,602,ALAUSI,60256,PISTISHI (NARIZ DEL DIABLO)
6,CHIMBORAZO,602,ALAUSI,60257,PUMALLACTA (PUMA-LACTA)
6,CHIMBORAZO,602,ALAUSI,60258,SEVILLA
6,CHIMBORAZO,602,ALAUSI,60259,SIBAMBE
6,CHIMBORAZO,602,ALAUSI,60260,TIXAN
6,CHIMBORAZO,603,COLTA,60301,CAJABAMBA
6,CHIMBORAZO,603,COLTA,60302,SICALPA
6,CHIMBORAZO,603,COLTA,60350,VILLA LA UNION (CAJABAMBA)
6,CHIMBORAZO,603,COLTA,60351,CAÑI
6,CHIMBORAZO,603,COLTA,60352,COLUMBE
6,CHIMBORAZO,603,COLTA,60353,JUAN DE VELASCO (PANGOR)
6,CHIMBORAZO,603,COLTA,60354,SANTIAGO DE QUITO (CAB. EN SAN ANTONIO DE QUITO)
6,CHIMBORAZO,604,CHAMBO,60450,CHAMBO
6,CHIMBORAZO,605,CHUNCHI,60550,CHUNCHI
6,CHIMBORAZO,605,CHUNCHI,60551,CAPZOL
6,CHIMBORAZO,605,CHUNCHI,60552,COMPUD
6,CHIMBORAZO,605,CHUNCHI,60553,GONZOL
6,CHIMBORAZO,605,CHUNCHI,60554,LLAGOS
6,CHIMBORAZO,606,GUAMOTE,60650,GUAMOTE
6,CHIMBORAZO,606,GUAMOTE,60651,CEBADAS
6,CHIMBORAZO,606,GUAMOTE,60652,PALMIRA
6,CHIMBORAZO,607,GUANO,60701,EL ROSARIO
6,CHIMBORAZO,607,GUANO,60702,LA MATRIZ
6,CHIMBORAZO,607,GUANO,60750,GUANO
6,CHIMBORAZO,607,GUANO,60751,GUANANDO
6,CHIMBORAZO,607,GUANO,60752,ILAPO
6,CHIMBORAZO,607,GUANO,60753,LA PROVIDENCIA
6,CHIMBORAZO,607,GUANO,60754,SAN ANDRES
6,CHIMBORAZO,607,GUANO,60755,SAN GERARDO DE PACAICAGUAN
6,CHIMBORAZO,607,GUANO,60756,SAN ISIDRO DE PATULU
6,CHIMBORAZO,607,GUANO,60757,SAN JOSE DEL CHAZO
6,CHIMBORAZO,607,GUANO,60758,SANTA FE DE GALAN
6,CHIMBORAZO,607,GUANO,60759,VALPARAISO
6,CHIMBORAZO,608,PALLATANGA,60850,PALLATANGA
6,CHIMBORAZO,609,PENIPE,60950,PENIPE
6,CHIMBORAZO,609,PENIPE,60951,EL ALTAR
6,CHIMBORAZO,609,PENIPE,60952,MATUS
6,CHIMBORAZO,609,PENIPE,60953,PUELA
6,CHIMBORAZO,609,PENIPE,60954,SAN ANTONIO DE BAYUSHIG
6,CHIMBORAZO,609,PENIPE,60955,LA CANDELARIA
6,CHIMBORAZO,609,PENIPE,60956,BILBAO (CAB. EN QUILLUYACU)
6,CHIMBORAZO,610,CUMANDA,61050,CUMANDA
7,EL ORO,701,MACHALA,70101,LA PROVIDENCIA
7,EL ORO,701,MACHALA,70102,MACHALA
7,EL ORO,701,MACHALA,70103,PUERTO BOLIVAR
7,EL ORO,701,MACHALA,70104,NUEVE DE MAYO
7,EL ORO,701,MACHALA,70105,EL CAMBIO
7,EL ORO,701,MACHALA,70150,MACHALA
7,EL ORO,701,MACHALA,70151,EL CAMBIO
7,EL ORO,701,MACHALA,70152,EL RETIRO
7,EL ORO,702,ARENILLAS,70250,ARENILLAS
7,EL ORO,702,ARENILLAS,70251,CHACRAS
7,EL ORO,702,ARENILLAS,70252,LA LIBERTAD
7,EL ORO,702,ARENILLAS,70253,LAS LAJAS (CAB. EN LA VICTORIA)
7,EL ORO,702,ARENILLAS,70254,PALMALES
7,EL ORO,702,ARENILLAS,70255,CARCABON
7,EL ORO,703,ATAHUALPA,70350,PACCHA
7,EL ORO,703,ATAHUALPA,70351,AYAPAMBA
7,EL ORO,703,ATAHUALPA,70352,CORDONCILLO
7,EL ORO,703,ATAHUALPA,70353,MILAGRO
7,EL ORO,703,ATAHUALPA,70354,SAN JOSE
7,EL ORO,703,ATAHUALPA,70355,SAN JUAN DE CERRO AZUL
7,EL ORO,704,BALSAS,70450,BALSAS
7,EL ORO,704,BALSAS,70451,BELLAMARIA
7,EL ORO,705,CHILLA,70550,CHILLA
7,EL ORO,706,EL GUABO,70650,EL GUABO
7,EL ORO,706,EL GUABO,70651,BARBONES (SUCRE)
7,EL ORO,706,EL GUABO,70652,LA IBERIA
7,EL ORO,706,EL GUABO,70653,TENDALES (CAB. EN PUERTO)
7,EL ORO,706,EL GUABO,70654,RIO BONITO
7,EL ORO,707,HUAQUILLAS,70701,ECUADOR
7,EL ORO,707,HUAQUILLAS,70702,EL PARAISO
7,EL ORO,707,HUAQUILLAS,70703,HUALTACO
7,EL ORO,707,HUAQUILLAS,70704,MILTON REYES
7,EL ORO,707,HUAQUILLAS,70705,UNION LOJANA
7,EL ORO,707,HUAQUILLAS,70750,HUAQUILLAS
7,EL ORO,708,MARCABELI,70850,MARCABELI
7,EL ORO,708,MARCABELI,70851,EL INGENIO
7,EL ORO,709,PASAJE,70901,BOLIVAR
7,EL ORO,709,PASAJE,70902,LOMA DE FRANCO
7,EL ORO,709,PASAJE,70903,OCHOA LEON (MATRIZ)
7,EL ORO,709,PASAJE,70904,TRES CERRITOS
7,EL ORO,709,PASAJE,70950,PASAJE
7,EL ORO,709,PASAJE,70951,BUENAVISTA
7,EL ORO,709,PASAJE,70952,CASACAY
7,EL ORO,709,PASAJE,70953,LA PEAÑA
7,EL ORO,709,PASAJE,70954,PROGRESO
7,EL ORO,709,PASAJE,70955,UZHCURRUMI
7,EL ORO,709,PASAJE,70956,CAÑAQUEMADA
7,EL ORO,710,PIÑAS,71001,LA MATRIZ
7,EL ORO,710,PIÑAS,71002,LA SUSAYA
7,EL ORO,710,PIÑAS,71003,PIÑAS GRANDE
7,EL ORO,710,PIÑAS,71050,PIÑAS
7,EL ORO,710,PIÑAS,71051,CAPIRO (CAB. EN LA CAPILLA DE CAPIRO)
7,EL ORO,710,PIÑAS,71052,LA BOCANA
7,EL ORO,710,PIÑAS,71053,MOROMORO (CAB. EN EL VADO)
7,EL ORO,710,PIÑAS,71054,PIEDRAS
7,EL ORO,710,PIÑAS,71055,SAN ROQUE (AMBROSIO MALDONADO)
7,EL ORO,710,PIÑAS,71056,SARACAY
7,EL ORO,711,PORTOVELO,71150,PORTOVELO
7,EL ORO,711,PORTOVELO,71151,CURTINCAPA
7,EL ORO,711,PORTOVELO,71152,MORALES
7,EL ORO,711,PORTOVELO,71153,SALATI
7,EL ORO,712,SANTA ROSA,71201,SANTA ROSA
7,EL ORO,712,SANTA ROSA,71202,JELI
7,EL ORO,712,SANTA ROSA,71203,BALNEARIO JAMBELÍ (SATÉLITE)
7,EL ORO,712,SANTA ROSA,71204,JUMÓN (SATÉLITE)
7,EL ORO,712,SANTA ROSA,71205,NUEVO SANTA ROSA
7,EL ORO,712,SANTA ROSA,71250,SANTA ROSA
7,EL ORO,712,SANTA ROSA,71251,BELLAVISTA
7,EL ORO,712,SANTA ROSA,71252,JAMBELI
7,EL ORO,712,SANTA ROSA,71253,LA AVANZADA
7,EL ORO,712,SANTA ROSA,71254,SAN ANTONIO
7,EL ORO,712,SANTA ROSA,71255,TORATA
7,EL ORO,712,SANTA ROSA,71256,VICTORIA
7,EL ORO,712,SANTA ROSA,71257,BELLAMARIA
7,EL ORO,713,ZARUMA,71350,ZARUMA
7,EL ORO,713,ZARUMA,71351,ABAÑIN
7,EL ORO,713,ZARUMA,71352,ARCAPAMBA
7,EL ORO,713,ZARUMA,71353,GUANAZAN
7,EL ORO,713,ZARUMA,71354,GUIZHAGUIÑA
7,EL ORO,713,ZARUMA,71355,HUERTAS
7,EL ORO,713,ZARUMA,71356,MALVAS
7,EL ORO,713,ZARUMA,71357,MULUNCAY GRANDE
7,EL ORO,713,ZARUMA,71358,SINSAO
7,EL ORO,713,ZARUMA,71359,SALVIAS
7,EL ORO,714,LAS LAJAS,71401,LA VICTORIA
7,EL ORO,714,LAS LAJAS,71402,PLATANILLOS
7,EL ORO,714,LAS LAJAS,71403,VALLE HERMOSO
7,EL ORO,714,LAS LAJAS,71450,LA VICTORIA
7,EL ORO,714,LAS LAJAS,71451,LA LIBERTAD
7,EL ORO,714,LAS LAJAS,71452,EL PARAISO
7,EL ORO,714,LAS LAJAS,71453,SAN ISIDRO
8,ESMERALDAS,801,ESMERALDAS,80101,BARTOLOME RUIZ (CESAR FRANCO CARRION)
8,ESMERALDAS,801,ESMERALDAS,80102,5 DE AGOSTO
8,ESMERALDAS,801,ESMERALDAS,80103,ESMERALDAS
8,ESMERALDAS,801,ESMERALDAS,80104,LUIS TELLO (LAS PALMAS)
8,ESMERALDAS,801,ESMERALDAS,80105,SIMÓN PLATA TORRES
8,ESMERALDAS,801,ESMERALDAS,80150,ESMERALDAS
8,ESMERALDAS,801,ESMERALDAS,80151,ATACAMES
8,ESMERALDAS,801,ESMERALDAS,80152,CAMARONES (CAB. EN SAN VICENTE)
8,ESMERALDAS,801,ESMERALDAS,80153,CRNEL. CARLOS CONCHA TORRES (CAB. EN HUELE)
8,ESMERALDAS,801,ESMERALDAS,80154,CHINCA
8,ESMERALDAS,801,ESMERALDAS,80155,CHONTADURO
8,ESMERALDAS,801,ESMERALDAS,80156,CHUMUNDE
8,ESMERALDAS,801,ESMERALDAS,80157,LAGARTO
8,ESMERALDAS,801,ESMERALDAS,80158,LA UNION
8,ESMERALDAS,801,ESMERALDAS,80159,MAJUA
8,ESMERALDAS,801,ESMERALDAS,80160,MONTALVO (CAB. EN HORQUETA)
8,ESMERALDAS,801,ESMERALDAS,80161,RIO VERDE
8,ESMERALDAS,801,ESMERALDAS,80162,ROCAFUERTE
8,ESMERALDAS,801,ESMERALDAS,80163,SAN MATEO
8,ESMERALDAS,801,ESMERALDAS,80164,SUA (CAB. EN LA BOCANA)
8,ESMERALDAS,801,ESMERALDAS,80165,TABIAZO
8,ESMERALDAS,801,ESMERALDAS,80166,TACHINA
8,ESMERALDAS,801,ESMERALDAS,80167,TONCHIGUE
8,ESMERALDAS,801,ESMERALDAS,80168,VUELTA LARGA
8,ESMERALDAS,802,ELOY ALFARO,80250,VALDEZ (LIMONES)
8,ESMERALDAS,802,ELOY ALFARO,80251,ANCHAYACU
8,ESMERALDAS,802,ELOY ALFARO,80252,ATAHUALPA (CAB. EN CAMARONES)
8,ESMERALDAS,802,ELOY ALFARO,80253,BORBON
8,ESMERALDAS,802,ELOY ALFARO,80254,LA TOLA
8,ESMERALDAS,802,ELOY ALFARO,80255,LUIS VARGAS TORRES (CAB. EN PLAYA DE ORO)
8,ESMERALDAS,802,ELOY ALFARO,80256,MALDONADO
8,ESMERALDAS,802,ELOY ALFARO,80257,PAMPANAL DE BOLIVAR
8,ESMERALDAS,802,ELOY ALFARO,80258,SAN FRANCISCO DE ONZOLE
8,ESMERALDAS,802,ELOY ALFARO,80259,SANTO DOMINGO DE ONZOLE
8,ESMERALDAS,802,ELOY ALFARO,80260,SELVA ALEGRE
8,ESMERALDAS,802,ELOY ALFARO,80261,TELEMBI
8,ESMERALDAS,802,ELOY ALFARO,80262,COLON ELOY DEL MARIA
8,ESMERALDAS,802,ELOY ALFARO,80263,SAN JOSE DE CAYAPAS
8,ESMERALDAS,802,ELOY ALFARO,80264,TIMBIRE
8,ESMERALDAS,802,ELOY ALFARO,80265,SANTA LUCIA DE LAS PEÑAS
8,ESMERALDAS,803,MUISNE,80350,MUISNE
8,ESMERALDAS,803,MUISNE,80351,BOLIVAR
8,ESMERALDAS,803,MUISNE,80352,DAULE
8,ESMERALDAS,803,MUISNE,80353,GALERA
8,ESMERALDAS,803,MUISNE,80354,QUINGUE (OLMEDO PERDOMO FRANCO)
8,ESMERALDAS,803,MUISNE,80355,SALIMA
8,ESMERALDAS,803,MUISNE,80356,SAN FRANCISCO
8,ESMERALDAS,803,MUISNE,80357,SAN GREGORIO
8,ESMERALDAS,803,MUISNE,80358,SAN JOSE DE CHAMANGA (CAB. EN CHAMANGA)
8,ESMERALDAS,804,QUININDE,80450,ROSA ZARATE (QUININDE)
8,ESMERALDAS,804,QUININDE,80451,CUBE
8,ESMERALDAS,804,QUININDE,80452,CHURA (CHANCAMA)
8,ESMERALDAS,804,QUININDE,80453,MALIMPIA
8,ESMERALDAS,804,QUININDE,80454,VICHE
8,ESMERALDAS,804,QUININDE,80455,LA UNION
8,ESMERALDAS,805,SAN LORENZO,80550,SAN LORENZO
8,ESMERALDAS,805,SAN LORENZO,80551,ALTO TAMBO (CAB. EN GUADUAL)
8,ESMERALDAS,805,SAN LORENZO,80552,ANCON (PICHANGAL) (CAB. EN PALMA REAL)
8,ESMERALDAS,805,SAN LORENZO,80553,CALDERON
8,ESMERALDAS,805,SAN LORENZO,80554,CARONDELET
8,ESMERALDAS,805,SAN LORENZO,80555,5 DE JUNIO (CAB. EN UIMBI)
8,ESMERALDAS,805,SAN LORENZO,80556,CONCEPCION
8,ESMERALDAS,805,SAN LORENZO,80557,MATAJE (CAB. EN SANTANDER)
8,ESMERALDAS,805,SAN LORENZO,80558,SAN JAVIER DE CACHAVI (CAB. EN SAN JAVIER)
8,ESMERALDAS,805,SAN LORENZO,80559,SANTA RITA
8,ESMERALDAS,805,SAN LORENZO,80560,TAMBILLO
8,ESMERALDAS,805,SAN LORENZO,80561,TULULBI (CAB. EN RICAURTE)
8,ESMERALDAS,805,SAN LORENZO,80562,URBINA
8,ESMERALDAS,806,ATACAMES,80650,ATACAMES
8,ESMERALDAS,806,ATACAMES,80651,LA UNION
8,ESMERALDAS,806,ATACAMES,80652,SUA (CAB. EN LA BOCANA)
8,ESMERALDAS,806,ATACAMES,80653,TONCHIGUE
8,ESMERALDAS,806,ATACAMES,80654,TONSUPA
8,ESMERALDAS,807,RIO VERDE,80750,RIOVERDE
8,ESMERALDAS,807,RIO VERDE,80751,CHONTADURO
8,ESMERALDAS,807,RIO VERDE,80752,CHUMUNDE
8,ESMERALDAS,807,RIO VERDE,80753,LAGARTO
8,ESMERALDAS,807,RIO VERDE,80754,MONTALVO (CAB. EN HORQUETA)
8,ESMERALDAS,807,RIO VERDE,80755,ROCAFUERTE
8,ESMERALDAS,808,LA CONCORDIA,80850,LA CONCORDIA
8,ESMERALDAS,808,LA CONCORDIA,80851,MONTERREY
8,ESMERALDAS,808,LA CONCORDIA,80852,LA VILLEGAS
8,ESMERALDAS,808,LA CONCORDIA,80853,PLAN PILOTO
9,GUAYAS,901,GUAYAQUIL,90101,AYACUCHO
9,GUAYAS,901,GUAYAQUIL,90102,BOLIVAR (SAGRARIO)
9,GUAYAS,901,GUAYAQUIL,90103,CARBO (CONCEPCION)
9,GUAYAS,901,GUAYAQUIL,90104,FEBRES CORDERO
9,GUAYAS,901,GUAYAQUIL,90105,GARCIA MORENO
9,GUAYAS,901,GUAYAQUIL,90106,LETAMENDI
9,GUAYAS,901,GUAYAQUIL,90107,NUEVE DE OCTUBRE
9,GUAYAS,901,GUAYAQUIL,90108,OLMEDO (SAN ALEJO)
9,GUAYAS,901,GUAYAQUIL,90109,ROCA
9,GUAYAS,901,GUAYAQUIL,90110,ROCAFUERTE
9,GUAYAS,901,GUAYAQUIL,90111,SUCRE
9,GUAYAS,901,GUAYAQUIL,90112,TARQUI
9,GUAYAS,901,GUAYAQUIL,90113,URDANETA
9,GUAYAS,901,GUAYAQUIL,90114,XIMENA
9,GUAYAS,901,GUAYAQUIL,90115,PASCUALES
9,GUAYAS,901,GUAYAQUIL,90150,GUAYAQUIL
9,GUAYAS,901,GUAYAQUIL,90151,CHONGON
9,GUAYAS,901,GUAYAQUIL,90152,JUAN GOMEZ RENDON (PROGRESO)
9,GUAYAS,901,GUAYAQUIL,90153,MORRO
9,GUAYAS,901,GUAYAQUIL,90154,PASCUALES
9,GUAYAS,901,GUAYAQUIL,90155,PLAYAS (GRAL. VILLAMIL)
9,GUAYAS,901,GUAYAQUIL,90156,POSORJA
9,GUAYAS,901,GUAYAQUIL,90157,PUNA
9,GUAYAS,901,GUAYAQUIL,90158,TENGUEL
9,GUAYAS,902,ALFREDO BAQUERIZO MORENO,90250,ALFREDO BAQUERIZO MORENO
9,GUAYAS,903,BALAO,90350,BALAO
9,GUAYAS,904,BALZAR,90450,BALZAR
9,GUAYAS,905,COLIMES,90550,COLIMES
9,GUAYAS,905,COLIMES,90551,SAN JACINTO
9,GUAYAS,906,DAULE,90601,DAULE
9,GUAYAS,906,DAULE,90602,LA AURORA (SATELITE)
9,GUAYAS,906,DAULE,90603,BANIFE
9,GUAYAS,906,DAULE,90604,EMILIANO CAICEDO MARCOS
9,GUAYAS,906,DAULE,90605,MAGRO
9,GUAYAS,906,DAULE,90606,PADRE JUAN BAUTISTA AGUIRRE
9,GUAYAS,906,DAULE,90607,SANTA CLARA
9,GUAYAS,906,DAULE,90608,VICENTE PIEDRAHITA
9,GUAYAS,906,DAULE,90650,DAULE
9,GUAYAS,906,DAULE,90651,ISIDRO AYORA (SOLEDAD)
9,GUAYAS,906,DAULE,90652,JUAN BAUTISTA AGUIRRE (LOS TINTOS)
9,GUAYAS,906,DAULE,90653,LAUREL
9,GUAYAS,906,DAULE,90654,LIMONAL
9,GUAYAS,906,DAULE,90655,LOMAS DE SARGENTILLO
9,GUAYAS,906,DAULE,90656,LAS LOJAS (ENRIQUE BAQUERIZO MORENO)
9,GUAYAS,906,DAULE,90657,PIEDRAHITA (NOBOL)
9,GUAYAS,906,DAULE,90701,ELOY ALFARO (DURAN)
9,GUAYAS,906,DAULE,90702,EL RECREO
9,GUAYAS,907,DURAN,90750,ELOY ALFARO (DURAN)
9,GUAYAS,908,EL EMPALME,90850,VELASCO IBARRA (EL EMPALME)
9,GUAYAS,908,EL EMPALME,90851,GUAYAS (PUEBLO NUEVO)
9,GUAYAS,908,EL EMPALME,90852,EL ROSARIO
9,GUAYAS,909,EL TRIUNFO,90950,EL TRIUNFO
9,GUAYAS,910,MILAGRO,91050,MILAGRO
9,GUAYAS,910,MILAGRO,91051,CHOBO
9,GUAYAS,910,MILAGRO,91052,GENERAL ELIZALDE (BUCAY)
9,GUAYAS,910,MILAGRO,91053,MARISCAL SUCRE (HUAQUES)
9,GUAYAS,910,MILAGRO,91054,ROBERTO ASTUDILLO (CAB. EN CRUCE DE VENECIA)
9,GUAYAS,911,NARANJAL,91150,NARANJAL
9,GUAYAS,911,NARANJAL,91151,JESUS MARIA
9,GUAYAS,911,NARANJAL,91152,SAN CARLOS
9,GUAYAS,911,NARANJAL,91153,SANTA ROSA DE FLANDES
9,GUAYAS,911,NARANJAL,91154,TAURA
9,GUAYAS,912,NARANJITO,91250,NARANJITO
9,GUAYAS,913,PALESTINA,91350,PALESTINA
9,GUAYAS,914,PEDRO CARBO,91450,PEDRO CARBO
9,GUAYAS,914,PEDRO CARBO,91451,VALLE DE LA VIRGEN
9,GUAYAS,914,PEDRO CARBO,91452,SABANILLA
9,GUAYAS,916,SAMBORONDON,91601,SAMBORONDÓN
9,GUAYAS,916,SAMBORONDON,91602,LA PUNTILLA (SATELITE)
9,GUAYAS,916,SAMBORONDON,91650,SAMBORONDON
9,GUAYAS,916,SAMBORONDON,91651,TARIFA
9,GUAYAS,918,SANTA LUCIA,91850,SANTA LUCIA
9,GUAYAS,919,SALITRE,91901,BOCANA
9,GUAYAS,919,SALITRE,91902,CANDILEJOS
9,GUAYAS,919,SALITRE,91903,CENTRAL
9,GUAYAS,919,SALITRE,91904,PARAISO
9,GUAYAS,919,SALITRE,91905,SAN MATEO
9,GUAYAS,919,SALITRE,91950,EL SALITRE (LAS RAMAS)
9,GUAYAS,919,SALITRE,91951,GENERAL VERNAZA (DOS ESTEROS)
9,GUAYAS,919,SALITRE,91952,LA VICTORIA (ÑAUZA)
9,GUAYAS,919,SALITRE,91953,JUNQUILLAL
9,GUAYAS,920,SAN JACINTO DE YAGUACHI,92050,SAN JACINTO DE YAGUACHI
9,GUAYAS,920,SAN JACINTO DE YAGUACHI,92051,CRNEL. LORENZO DE GARAICOA (PEDREGAL)
9,GUAYAS,920,SAN JACINTO DE YAGUACHI,92052,CRNEL. MARCELINO MARIDUEÑA (SAN CARLOS)
9,GUAYAS,920,SAN JACINTO DE YAGUACHI,92053,GRAL. PEDRO J. MONTERO (BOLICHE)
9,GUAYAS,920,SAN JACINTO DE YAGUACHI,92054,SIMON BOLIVAR
9,GUAYAS,920,SAN JACINTO DE YAGUACHI,92055,YAGUACHI VIEJO (CONE)
9,GUAYAS,920,SAN JACINTO DE YAGUACHI,92056,VIRGEN DE FATIMA
9,GUAYAS,921,PLAYAS (GENERAL VILLAMIL),92150,GENERAL VILLAMIL (PLAYAS)
9,GUAYAS,922,SIMON BOLIVAR,92250,SIMON BOLIVAR
9,GUAYAS,922,SIMON BOLIVAR,92251,CRNEL. LORENZO DE GARAICOA (PEDREGAL)
9,GUAYAS,923,CORONEL MARCELINO MARIDUEÑA,92350,CORONEL MARCELINO MARIDUEÑA (SAN CARLOS)
9,GUAYAS,924,LOMAS DE SARGENTILLO,92450,LOMAS DE SARGENTILLO
9,GUAYAS,924,LOMAS DE SARGENTILLO,92451,ISIDRO AYORA (SOLEDAD)
9,GUAYAS,925,NOBOL (VICENTE PIEDRAHITA),92550,NARCISA DE JESUS (NOBOL)
9,GUAYAS,927,GENERAL ANTONIO ELIZALDE,92750,GENERAL ANTONIO ELIZALDE (BUCAY)
9,GUAYAS,928,ISIDRO AYORA,92850,ISIDRO AYORA
10,IMBABURA,1001,IBARRA,100101,CARANQUI
10,IMBABURA,1001,IBARRA,100102,GUAYAQUIL DE ALPACHACA
10,IMBABURA,1001,IBARRA,100103,SAGRARIO
10,IMBABURA,1001,IBARRA,100104,SAN FRANCISCO
10,IMBABURA,1001,IBARRA,100105,LA DOLOROSA DEL PIORATO
10,IMBABURA,1001,IBARRA,100150,IBARRA
10,IMBABURA,1001,IBARRA,100151,AMBUQUI
10,IMBABURA,1001,IBARRA,100152,ANGOCHAGUA
10,IMBABURA,1001,IBARRA,100153,CAROLINA
10,IMBABURA,1001,IBARRA,100154,LA ESPERANZA
10,IMBABURA,1001,IBARRA,100155,LITA
10,IMBABURA,1001,IBARRA,100156,SALINAS
10,IMBABURA,1001,IBARRA,100157,SAN ANTONIO
10,IMBABURA,1002,ANTONIO ANTE,100201,ANDRADE MARIN (LOURDES)
10,IMBABURA,1002,ANTONIO ANTE,100202,ATUNTAQUI
10,IMBABURA,1002,ANTONIO ANTE,100250,ATUNTAQUI
10,IMBABURA,1002,ANTONIO ANTE,100251,IMBAYA (SAN LUIS DE COBUENDO)
10,IMBABURA,1002,ANTONIO ANTE,100252,SAN FRANCISCO DE NATABUELA
10,IMBABURA,1002,ANTONIO ANTE,100253,SAN JOSE DE CHALTURA
10,IMBABURA,1002,ANTONIO ANTE,100254,SAN ROQUE
10,IMBABURA,1003,COTACACHI,100301,SAGRARIO
10,IMBABURA,1003,COTACACHI,100302,SAN FRANCISCO
10,IMBABURA,1003,COTACACHI,100350,COTACACHI
10,IMBABURA,1003,COTACACHI,100351,APUELA
10,IMBABURA,1003,COTACACHI,100352,GARCIA MORENO (LLURIMAGUA)
10,IMBABURA,1003,COTACACHI,100353,IMANTAG
10,IMBABURA,1003,COTACACHI,100354,PEÑAHERRERA
10,IMBABURA,1003,COTACACHI,100355,PLAZA GUTIERREZ (CALVARIO)
10,IMBABURA,1003,COTACACHI,100356,QUIROGA
10,IMBABURA,1003,COTACACHI,100357,6 DE JULIO DE CUELLAJE (CAB. EN CUELLAJE)
10,IMBABURA,1003,COTACACHI,100358,VACAS GALINDO (EL CHURO)(CAB. EN SAN MIGUEL ALTO)
10,IMBABURA,1004,OTAVALO,100401,JORDAN
10,IMBABURA,1004,OTAVALO,100402,SAN LUIS
10,IMBABURA,1004,OTAVALO,100450,OTAVALO
10,IMBABURA,1004,OTAVALO,100451,DR. MIGUEL EGAS CABEZAS (PEGUCHE)
10,IMBABURA,1004,OTAVALO,100452,EUGENIO ESPEJO (CALPAQUI)
10,IMBABURA,1004,OTAVALO,100453,GONZALEZ SUAREZ
10,IMBABURA,1004,OTAVALO,100454,PATAQUI
10,IMBABURA,1004,OTAVALO,100455,SAN JOSÉ DE QUICHINCHE
10,IMBABURA,1004,OTAVALO,100456,SAN JUAN DE ILUMAN
10,IMBABURA,1004,OTAVALO,100457,SAN PABLO
10,IMBABURA,1004,OTAVALO,100458,SAN RAFAEL
10,IMBABURA,1004,OTAVALO,100459,SELVA ALEGRE (CAB. EN SAN MIGUEL DE PAMPLONA)
10,IMBABURA,1005,PIMAMPIRO,100550,PIMAMPIRO
10,IMBABURA,1005,PIMAMPIRO,100551,CHUGA
10,IMBABURA,1005,PIMAMPIRO,100552,MARIANO ACOSTA
10,IMBABURA,1005,PIMAMPIRO,100553,SAN FRANCISCO DE SIGSIPAMBA
10,IMBABURA,1006,SAN MIGUEL DE URCUQUI,100650,URCUQUI
10,IMBABURA,1006,SAN MIGUEL DE URCUQUI,100651,CAHUASQUI
10,IMBABURA,1006,SAN MIGUEL DE URCUQUI,100652,LA MERCED DE BUENOS AIRES
10,IMBABURA,1006,SAN MIGUEL DE URCUQUI,100653,PABLO ARENAS
10,IMBABURA,1006,SAN MIGUEL DE URCUQUI,100654,SAN BLAS
10,IMBABURA,1006,SAN MIGUEL DE URCUQUI,100655,TUMBABIRO
11,LOJA,1101,LOJA,110101,EL SAGRARIO
11,LOJA,1101,LOJA,110102,SAN SEBASTIAN
11,LOJA,1101,LOJA,110103,SUCRE
11,LOJA,1101,LOJA,110104,VALLE
11,LOJA,1101,LOJA,110150,LOJA
11,LOJA,1101,LOJA,110151,CHANTACO
11,LOJA,1101,LOJA,110152,CHUQUIRIBAMBA
11,LOJA,1101,LOJA,110153,EL CISNE
11,LOJA,1101,LOJA,110154,GUALEL
11,LOJA,1101,LOJA,110155,JIMBILLA
11,LOJA,1101,LOJA,110156,MALACATOS (VALLADOLID)
11,LOJA,1101,LOJA,110157,SAN LUCAS
11,LOJA,1101,LOJA,110158,SAN PEDRO DE VILCABAMBA
11,LOJA,1101,LOJA,110159,SANTIAGO
11,LOJA,1101,LOJA,110160,TAQUIL (MIGUEL RIOFRIO)
11,LOJA,1101,LOJA,110161,VILCABAMBA (VICTORIA)
11,LOJA,1101,LOJA,110162,YANGANA (ARSENIO CASTILLO)
11,LOJA,1101,LOJA,110163,QUINARA
11,LOJA,1102,CALVAS,110201,CARIAMANGA
11,LOJA,1102,CALVAS,110202,CHILE
11,LOJA,1102,CALVAS,110203,SAN VICENTE
11,LOJA,1102,CALVAS,110250,CARIAMANGA
11,LOJA,1102,CALVAS,110251,COLAISACA
11,LOJA,1102,CALVAS,110252,EL LUCERO
11,LOJA,1102,CALVAS,110253,UTUANA
11,LOJA,1102,CALVAS,110254,SANGUILLIN
11,LOJA,1103,CATAMAYO,110301,CATAMAYO
11,LOJA,1103,CATAMAYO,110302,SAN JOSE
11,LOJA,1103,CATAMAYO,110350,CATAMAYO (LA TOMA)
11,LOJA,1103,CATAMAYO,110351,EL TAMBO
11,LOJA,1103,CATAMAYO,110352,GUAYQUICHUMA
11,LOJA,1103,CATAMAYO,110353,SAN PEDRO DE LA BENDITA
11,LOJA,1103,CATAMAYO,110354,ZAMBI
11,LOJA,1104,CELICA,110450,CELICA
11,LOJA,1104,CELICA,110451,CRUZPAMBA (CAB. EN CARLOS BUSTAMANTE)
11,LOJA,1104,CELICA,110452,CHAQUINAL
11,LOJA,1104,CELICA,110453,12 DE DICIEMBRE (CAB. EN ACHIOTES)
11,LOJA,1104,CELICA,110454,PINDAL (FEDERICO PAEZ)
11,LOJA,1104,CELICA,110455,POZUL (SAN JUAN DE POZUL)
11,LOJA,1104,CELICA,110456,SABANILLA
11,LOJA,1104,CELICA,110457,TNTE. MAXIMILIANO RODRIGUEZ LOAYZA
11,LOJA,1105,CHAHUARPAMBA,110550,CHAGUARPAMBA
11,LOJA,1105,CHAHUARPAMBA,110551,BUENAVISTA
11,LOJA,1105,CHAHUARPAMBA,110552,EL ROSARIO
11,LOJA,1105,CHAHUARPAMBA,110553,SANTA RUFINA
11,LOJA,1105,CHAHUARPAMBA,110554,AMARILLOS
11,LOJA,1106,ESPINDOLA,110650,AMALUZA
11,LOJA,1106,ESPINDOLA,110651,BELLAVISTA
11,LOJA,1106,ESPINDOLA,110652,JIMBURA
11,LOJA,1106,ESPINDOLA,110653,SANTA TERESITA
11,LOJA,1106,ESPINDOLA,110654,27 DE ABRIL (CAB. EN LA NARANJA)
11,LOJA,1106,ESPINDOLA,110655,EL INGENIO
11,LOJA,1106,ESPINDOLA,110656,EL AIRO
11,LOJA,1107,GONZANAMA,110750,GONZANAMA
11,LOJA,1107,GONZANAMA,110751,CHANGAIMINA (LA LIBERTAD)
11,LOJA,1107,GONZANAMA,110752,FUNDOCHAMBA
11,LOJA,1107,GONZANAMA,110753,NAMBACOLA
11,LOJA,1107,GONZANAMA,110754,PURUNUMA (EGUIGUREN)
11,LOJA,1107,GONZANAMA,110755,QUILANGA (LA PAZ)
11,LOJA,1107,GONZANAMA,110756,SACAPALCA
11,LOJA,1107,GONZANAMA,110757,SAN ANTONIO DE LAS ARADAS (CAB. EN LAS ARADAS)
11,LOJA,1108,MACARA,110801,GENERAL ELOY ALFARO (SAN SEBASTIAN)
11,LOJA,1108,MACARA,110802,MACARA (MANUEL ENRIQUE RANGEL SUQUILANDA)
11,LOJA,1108,MACARA,110850,MACARA
11,LOJA,1108,MACARA,110851,LARAMA
11,LOJA,1108,MACARA,110852,LA VICTORIA
11,LOJA,1108,MACARA,110853,SABIANGO (LA CAPILLA)
11,LOJA,1109,PALTAS,110901,CATACOCHA
11,LOJA,1109,PALTAS,110902,LOURDES
11,LOJA,1109,PALTAS,110950,CATACOCHA
11,LOJA,1109,PALTAS,110951,CANGONAMA
11,LOJA,1109,PALTAS,110952,GUACHANAMA
11,LOJA,1109,PALTAS,110953,LA TINGUE
11,LOJA,1109,PALTAS,110954,LAURO GUERRERO
11,LOJA,1109,PALTAS,110955,OLMEDO (SANTA BARBARA)
11,LOJA,1109,PALTAS,110956,ORIANGA
11,LOJA,1109,PALTAS,110957,SAN ANTONIO
11,LOJA,1109,PALTAS,110958,CASANGA
11,LOJA,1109,PALTAS,110959,YAMANA
11,LOJA,1110,PUYANGO,111050,ALAMOR
11,LOJA,1110,PUYANGO,111051,CIANO
11,LOJA,1110,PUYANGO,111052,EL ARENAL
11,LOJA,1110,PUYANGO,111053,EL LIMO (MARIANA DE JESUS)
11,LOJA,1110,PUYANGO,111054,MERCADILLO
11,LOJA,1110,PUYANGO,111055,VICENTINO
11,LOJA,1111,SARAGURO,111150,SARAGURO
11,LOJA,1111,SARAGURO,111151,EL PARAISO DE CELEN
11,LOJA,1111,SARAGURO,111152,EL TABLON
11,LOJA,1111,SARAGURO,111153,LLUZHAPA
11,LOJA,1111,SARAGURO,111154,MANU
11,LOJA,1111,SARAGURO,111155,SAN ANTONIO DE QUIMBE (CUMBE)
11,LOJA,1111,SARAGURO,111156,SAN PABLO DE TENTA
11,LOJA,1111,SARAGURO,111157,SAN SEBASTIAN DE YULUC
11,LOJA,1111,SARAGURO,111158,SELVA ALEGRE
11,LOJA,1111,SARAGURO,111159,URDANETA (PAQUISHAPA)
11,LOJA,1111,SARAGURO,111160,SUMAYPAMBA
11,LOJA,1112,SOZORANGA,111250,SOZORANGA
11,LOJA,1112,SOZORANGA,111251,NUEVA FATIMA
11,LOJA,1112,SOZORANGA,111252,TACAMOROS
11,LOJA,1113,ZAPOTILLO,111350,ZAPOTILLO
11,LOJA,1113,ZAPOTILLO,111351,MANGAHURCO
11,LOJA,1113,ZAPOTILLO,111352,GARZAREAL
11,LOJA,1113,ZAPOTILLO,111353,LIMONES
11,LOJA,1113,ZAPOTILLO,111354,PALETILLAS
11,LOJA,1113,ZAPOTILLO,111355,BOLASPAMBA
11,LOJA,1113,ZAPOTILLO,111356,CAZADEROS
11,LOJA,1114,PINDAL,111450,PINDAL
11,LOJA,1114,PINDAL,111451,CHAQUINAL
11,LOJA,1114,PINDAL,111452,12 DE DICIEMBRE (CAB. EN ACHIOTES)
11,LOJA,1114,PINDAL,111453,MILAGROS
11,LOJA,1115,QUILANGA,111550,QUILANGA
11,LOJA,1115,QUILANGA,111551,FUNDOCHAMBA
11,LOJA,1115,QUILANGA,111552,SAN ANTONIO DE LAS ARADAS (CAB. EN LAS ARADAS)
11,LOJA,1116,OLMEDO,111650,OLMEDO
11,LOJA,1116,OLMEDO,111651,LA TINGUE
12,LOS RIOS,1201,BABAHOYO,120101,CLEMENTE BAQUERIZO
12,LOS RIOS,1201,BABAHOYO,120102,DR. CAMILO PONCE
12,LOS RIOS,1201,BABAHOYO,120103,BARREIRO
12,LOS RIOS,1201,BABAHOYO,120104,EL SALTO
12,LOS RIOS,1201,BABAHOYO,120150,BABAHOYO
12,LOS RIOS,1201,BABAHOYO,120151,BARREIRO (SANTA RITA)
12,LOS RIOS,1201,BABAHOYO,120152,CARACOL
12,LOS RIOS,1201,BABAHOYO,120153,FEBRES CORDERO (LAS JUNTAS) (CAB. EN MATA DE CACAO)
12,LOS RIOS,1201,BABAHOYO,120154,PIMOCHA
12,LOS RIOS,1201,BABAHOYO,120155,LA UNION
12,LOS RIOS,1202,BABA,120250,BABA
12,LOS RIOS,1202,BABA,120251,GUARE
12,LOS RIOS,1202,BABA,120252,ISLA DE BEJUCAL
12,LOS RIOS,1203,MONTALVO,120350,MONTALVO
12,LOS RIOS,1203,MONTALVO,120351,LA ESMERALDA
12,LOS RIOS,1204,PUEBLO VIEJO,120450,PUEBLOVIEJO
12,LOS RIOS,1204,PUEBLO VIEJO,120451,PUERTO PECHICHE
12,LOS RIOS,1204,PUEBLO VIEJO,120452,SAN JUAN
12,LOS RIOS,1205,QUEVEDO,120501,QUEVEDO
12,LOS RIOS,1205,QUEVEDO,120502,SAN CAMILO
12,LOS RIOS,1205,QUEVEDO,120503,SAN JOSE
12,LOS RIOS,1205,QUEVEDO,120504,GUAYACAN
12,LOS RIOS,1205,QUEVEDO,120505,NICOLAS INFANTE DIAZ
12,LOS RIOS,1205,QUEVEDO,120506,SAN CRISTOBAL
12,LOS RIOS,1205,QUEVEDO,120507,SIETE DE OCTUBRE
12,LOS RIOS,1205,QUEVEDO,120508,24 DE MAYO
12,LOS RIOS,1205,QUEVEDO,120509,VENUS DEL RIO QUEVEDO
12,LOS RIOS,1205,QUEVEDO,120510,VIVA ALFARO
12,LOS RIOS,1205,QUEVEDO,120550,QUEVEDO
12,LOS RIOS,1205,QUEVEDO,120551,BUENA FE
12,LOS RIOS,1205,QUEVEDO,120552,MOCACHE
12,LOS RIOS,1205,QUEVEDO,120553,SAN CARLOS
12,LOS RIOS,1205,QUEVEDO,120554,VALENCIA
12,LOS RIOS,1205,QUEVEDO,120555,LA ESPERANZA
12,LOS RIOS,1206,URDANETA,120650,CATARAMA
12,LOS RIOS,1206,URDANETA,120651,RICAURTE
12,LOS RIOS,1207,VENTANAS,120701,10 DE NOVIEMBRE
12,LOS RIOS,1207,VENTANAS,120750,VENTANAS
12,LOS RIOS,1207,VENTANAS,120751,QUINSALOMA
12,LOS RIOS,1207,VENTANAS,120752,ZAPOTAL
12,LOS RIOS,1207,VENTANAS,120753,CHACARITA
12,LOS RIOS,1207,VENTANAS,120754,LOS ANGELES
12,LOS RIOS,1208,VINCES,120850,VINCES
12,LOS RIOS,1208,VINCES,120851,ANTONIO SOTOMAYOR (CAB. EN PLAYAS DE VINCES)
12,LOS RIOS,1208,VINCES,120852,PALENQUE
12,LOS RIOS,1209,PALENQUE,120950,PALENQUE
12,LOS RIOS,1210,BUENA FE,121001,SAN JACINTO DE BUENA FÉ
12,LOS RIOS,1210,BUENA FE,121002,7 DE AGOSTO
12,LOS RIOS,1210,BUENA FE,121003,11 DE OCTUBRE
12,LOS RIOS,1210,BUENA FE,121050,SAN JACINTO DE BUENA FE
12,LOS RIOS,1210,BUENA FE,121051,PATRICIA PILAR
12,LOS RIOS,1211,VALENCIA,121150,VALENCIA
12,LOS RIOS,1212,MOCACHE,121250,MOCACHE
12,LOS RIOS,1213,QUINSALOMA,121350,QUINSALOMA
13,MANABI,1301,PORTOVIEJO,130101,PORTOVIEJO
13,MANABI,1301,PORTOVIEJO,130102,12 DE MARZO
13,MANABI,1301,PORTOVIEJO,130103,COLON
13,MANABI,1301,PORTOVIEJO,130104,PICOAZA
13,MANABI,1301,PORTOVIEJO,130105,SAN PABLO
13,MANABI,1301,PORTOVIEJO,130106,ANDRES DE VERA
13,MANABI,1301,PORTOVIEJO,130107,FRANCISCO PACHECO
13,MANABI,1301,PORTOVIEJO,130108,18 DE OCTUBRE
13,MANABI,1301,PORTOVIEJO,130109,SIMÓN BOLÍVAR
13,MANABI,1301,PORTOVIEJO,130150,PORTOVIEJO
13,MANABI,1301,PORTOVIEJO,130151,ABDON CALDERON (SAN FRANCISCO)
13,MANABI,1301,PORTOVIEJO,130152,ALHAJUELA (BAJO GRANDE)
13,MANABI,1301,PORTOVIEJO,130153,CRUCITA
13,MANABI,1301,PORTOVIEJO,130154,PUEBLO NUEVO
13,MANABI,1301,PORTOVIEJO,130155,RIOCHICO (RIO CHICO)
13,MANABI,1301,PORTOVIEJO,130156,SAN PLACIDO
13,MANABI,1301,PORTOVIEJO,130157,CHIRIJOS
13,MANABI,1302,BOLIVAR,130250,CALCETA
13,MANABI,1302,BOLIVAR,130251,MEMBRILLO
13,MANABI,1302,BOLIVAR,130252,QUIROGA
13,MANABI,1303,CHONE,130301,CHONE
13,MANABI,1303,CHONE,130302,SANTA RITA
13,MANABI,1303,CHONE,130350,CHONE
13,MANABI,1303,CHONE,130351,BOYACA
13,MANABI,1303,CHONE,130352,CANUTO
13,MANABI,1303,CHONE,130353,CONVENTO
13,MANABI,1303,CHONE,130354,CHIBUNGA
13,MANABI,1303,CHONE,130355,ELOY ALFARO
13,MANABI,1303,CHONE,130356,RICAURTE
13,MANABI,1303,CHONE,130357,SAN ANTONIO
13,MANABI,1304,EL CARMEN,130401,EL CARMEN
13,MANABI,1304,EL CARMEN,130404,4 DE DICIEMBRE
13,MANABI,1304,EL CARMEN,130450,EL CARMEN
13,MANABI,1304,EL CARMEN,130451,WILFRIDO LOOR MOREIRA (MAICITO)
13,MANABI,1304,EL CARMEN,130452,SAN PEDRO DE SUMA
13,MANABI,1305,FLAVIO ALFARO,130550,FLAVIO ALFARO
13,MANABI,1305,FLAVIO ALFARO,130551,SAN FRANCISCO DE NOVILLO (CAB. EN NOVILLO)
13,MANABI,1305,FLAVIO ALFARO,130552,ZAPALLO
13,MANABI,1306,JIPIJAPA,130601,DR. MIGUEL MORAN LUCIO
13,MANABI,1306,JIPIJAPA,130602,MANUEL INOCENCIO PARRALES Y GUALE
13,MANABI,1306,JIPIJAPA,130603,SAN LORENZO DE JIPIJAPA
13,MANABI,1306,JIPIJAPA,130650,JIPIJAPA
13,MANABI,1306,JIPIJAPA,130651,AMERICA
13,MANABI,1306,JIPIJAPA,130652,EL ANEGADO (CAB. EN ELOY ALFARO)
13,MANABI,1306,JIPIJAPA,130653,JULCUY
13,MANABI,1306,JIPIJAPA,130654,LA UNION
13,MANABI,1306,JIPIJAPA,130655,MACHALILLA
13,MANABI,1306,JIPIJAPA,130656,MEMBRILLAL
13,MANABI,1306,JIPIJAPA,130657,PEDRO PABLO GOMEZ
13,MANABI,1306,JIPIJAPA,130658,PUERTO DE CAYO
13,MANABI,1306,JIPIJAPA,130659,PUERTO LOPEZ
13,MANABI,1307,JUNIN,130750,JUNIN
13,MANABI,1308,MANTA,130801,LOS ESTEROS
13,MANABI,1308,MANTA,130802,MANTA
13,MANABI,1308,MANTA,130803,SAN MATEO
13,MANABI,1308,MANTA,130804,TARQUI
13,MANABI,1308,MANTA,130805,ELOY ALFARO
13,MANABI,1308,MANTA,130850,MANTA
13,MANABI,1308,MANTA,130851,SAN LORENZO
13,MANABI,1308,MANTA,130852,SANTA MARIANITA (BOCA DE PACOCHE)
13,MANABI,1309,MONTECRISTI,130901,ANIBAL SAN ANDRES
13,MANABI,1309,MONTECRISTI,130902,MONTECRISTI
13,MANABI,1309,MONTECRISTI,130903,EL COLORADO
13,MANABI,1309,MONTECRISTI,130904,GENERAL ELOY ALFARO
13,MANABI,1309,MONTECRISTI,130905,LEONIDAS PROAÑO
13,MANABI,1309,MONTECRISTI,130950,MONTECRISTI
13,MANABI,1309,MONTECRISTI,130951,JARAMIJO
13,MANABI,1309,MONTECRISTI,130952,LA PILA
13,MANABI,1310,PAJAN,131050,PAJAN
13,MANABI,1310,PAJAN,131051,CAMPOZANO (LA PALMA DE PAJAN)
13,MANABI,1310,PAJAN,131052,CASCOL
13,MANABI,1310,PAJAN,131053,GUALE
13,MANABI,1310,PAJAN,131054,LASCANO
13,MANABI,1311,PICHINCHA,131150,PICHINCHA
13,MANABI,1311,PICHINCHA,131151,BARRAGANETE
13,MANABI,1311,PICHINCHA,131152,SAN SEBASTIAN
13,MANABI,1312,ROCAFUERTE,131250,ROCAFUERTE
13,MANABI,1313,SANTA ANA,131301,SANTA ANA
13,MANABI,1313,SANTA ANA,131302,LODANA
13,MANABI,1313,SANTA ANA,131350,SANTA ANA DE VUELTA LARGA
13,MANABI,1313,SANTA ANA,131351,AYACUCHO
13,MANABI,1313,SANTA ANA,131352,HONORATO VASQUEZ (CAB. EN VASQUEZ)
13,MANABI,1313,SANTA ANA,131353,LA UNION
13,MANABI,1313,SANTA ANA,131354,OLMEDO
13,MANABI,1313,SANTA ANA,131355,SAN PABLO (CAB. EN PUEBLO NUEVO)
13,MANABI,1314,SUCRE,131401,BAHIA DE CARAQUEZ
13,MANABI,1314,SUCRE,131402,LEONIDAS PLAZA GUTIERREZ
13,MANABI,1314,SUCRE,131450,BAHIA DE CARAQUEZ
13,MANABI,1314,SUCRE,131451,CANOA
13,MANABI,1314,SUCRE,131452,COJIMIES
13,MANABI,1314,SUCRE,131453,CHARAPOTO
13,MANABI,1314,SUCRE,131454,10 DE AGOSTO
13,MANABI,1314,SUCRE,131455,JAMA
13,MANABI,1314,SUCRE,131456,PEDERNALES
13,MANABI,1314,SUCRE,131457,SAN ISIDRO
13,MANABI,1314,SUCRE,131458,SAN VICENTE
13,MANABI,1315,TOSAGUA,131550,TOSAGUA
13,MANABI,1315,TOSAGUA,131551,BACHILLERO
13,MANABI,1315,TOSAGUA,131552,ANGEL PEDRO GILER (LA ESTANCILLA)
13,MANABI,1316,24 DE MAYO,131650,SUCRE
13,MANABI,1316,24 DE MAYO,131651,BELLAVISTA
13,MANABI,1316,24 DE MAYO,131652,NOBOA
13,MANABI,1316,24 DE MAYO,131653,ARQ. SIXTO DURAN BALLEN
13,MANABI,1317,PEDERNALES,131750,PEDERNALES
13,MANABI,1317,PEDERNALES,131751,COJIMIES
13,MANABI,1317,PEDERNALES,131752,10 DE AGOSTO
13,MANABI,1317,PEDERNALES,131753,ATAHUALPA
13,MANABI,1318,OLMEDO,131850,OLMEDO
13,MANABI,1319,PUERTO LOPEZ,131950,PUERTO LOPEZ
13,MANABI,1319,PUERTO LOPEZ,131951,MACHALILLA
13,MANABI,1319,PUERTO LOPEZ,131952,SALANGO
13,MANABI,1320,JAMA,132050,JAMA
13,MANABI,1321,JARAMIJO,132150,JARAMIJO
13,MANABI,1322,SAN VICENTE,132250,SAN VICENTE
13,MANABI,1322,SAN VICENTE,132251,CANOA
14,MORONA SANTIAGO,1401,MORONA,140150,MACAS
14,MORONA SANTIAGO,1401,MORONA,140151,ALSHI (CAB. EN 9 DE OCTUBRE)
14,MORONA SANTIAGO,1401,MORONA,140152,CHIGUAZA
14,MORONA SANTIAGO,1401,MORONA,140153,GENERAL PROAÑO
14,MORONA SANTIAGO,1401,MORONA,140154,HUASAGA (CAB. EN WAMPUIK)
14,MORONA SANTIAGO,1401,MORONA,140155,MACUMA
14,MORONA SANTIAGO,1401,MORONA,140156,SAN ISIDRO
14,MORONA SANTIAGO,1401,MORONA,140157,SEVILLA DON BOSCO
14,MORONA SANTIAGO,1401,MORONA,140158,SINAI
14,MORONA SANTIAGO,1401,MORONA,140159,TAISHA
14,MORONA SANTIAGO,1401,MORONA,140160,ZUÑA (ZUÑAC)
14,MORONA SANTIAGO,1401,MORONA,140161,TUUTINENTZA
14,MORONA SANTIAGO,1401,MORONA,140162,CUCHAENTZA
14,MORONA SANTIAGO,1401,MORONA,140163,SAN JOSE DE MORONA
14,MORONA SANTIAGO,1401,MORONA,140164,RIO BLANCO
14,MORONA SANTIAGO,1402,GUALAQUIZA,140201,GUALAQUIZA
14,MORONA SANTIAGO,1402,GUALAQUIZA,140202,MERCEDES MOLINA
14,MORONA SANTIAGO,1402,GUALAQUIZA,140250,GUALAQUIZA
14,MORONA SANTIAGO,1402,GUALAQUIZA,140251,AMAZONAS (ROSARIO DE CUYES)
14,MORONA SANTIAGO,1402,GUALAQUIZA,140252,BERMEJOS
14,MORONA SANTIAGO,1402,GUALAQUIZA,140253,BOMBOIZA
14,MORONA SANTIAGO,1402,GUALAQUIZA,140254,CHIGÜINDA
14,MORONA SANTIAGO,1402,GUALAQUIZA,140255,EL ROSARIO
14,MORONA SANTIAGO,1402,GUALAQUIZA,140256,NUEVA TARQUI
14,MORONA SANTIAGO,1402,GUALAQUIZA,140257,SAN MIGUEL DE CUYES
14,MORONA SANTIAGO,1402,GUALAQUIZA,140258,EL IDEAL
14,MORONA SANTIAGO,1403,LIMON - INDANZA,140350,GENERAL LEONIDAS PLAZA GUTIERREZ (LIMON)
14,MORONA SANTIAGO,1403,LIMON - INDANZA,140351,INDANZA
14,MORONA SANTIAGO,1403,LIMON - INDANZA,140352,PAN DE AZUCAR
14,MORONA SANTIAGO,1403,LIMON - INDANZA,140353,SAN ANTONIO (CAB. EN SAN ANTONIO CENTRO)
14,MORONA SANTIAGO,1403,LIMON - INDANZA,140354,SAN CARLOS DE LIMON (SAN CARLOS DEL ZAMORA)
14,MORONA SANTIAGO,1403,LIMON - INDANZA,140355,SAN JUAN BOSCO
14,MORONA SANTIAGO,1403,LIMON - INDANZA,140356,SAN MIGUEL DE CONCHAY
14,MORONA SANTIAGO,1403,LIMON - INDANZA,140357,SANTA SUSANA DE CHIVIAZA (CAB. EN CHIVIAZA)
14,MORONA SANTIAGO,1403,LIMON - INDANZA,140358,YUNGANZA (CAB. EN EL ROSARIO)
14,MORONA SANTIAGO,1404,PALORA,140450,PALORA (METZERA)
14,MORONA SANTIAGO,1404,PALORA,140451,ARAPICOS
14,MORONA SANTIAGO,1404,PALORA,140452,CUMANDA (CAB. EN COLONIA AGRICOLA SEVILLA DEL ORO)
14,MORONA SANTIAGO,1404,PALORA,140453,HUAMBOYA
14,MORONA SANTIAGO,1404,PALORA,140454,SANGAY (CAB. EN NAYAMANACA)
14,MORONA SANTIAGO,1404,PALORA,140455,16 DE AGOSTO
14,MORONA SANTIAGO,1405,SANTIAGO,140550,SANTIAGO DE MENDEZ
14,MORONA SANTIAGO,1405,SANTIAGO,140551,COPAL
14,MORONA SANTIAGO,1405,SANTIAGO,140552,CHUPIANZA
14,MORONA SANTIAGO,1405,SANTIAGO,140553,PATUCA
14,MORONA SANTIAGO,1405,SANTIAGO,140554,SAN LUIS DE EL ACHO (CAB. EN EL ANCHO)
14,MORONA SANTIAGO,1405,SANTIAGO,140555,SANTIAGO
14,MORONA SANTIAGO,1405,SANTIAGO,140556,TAYUZA
14,MORONA SANTIAGO,1405,SANTIAGO,140557,SAN FRANCISCO DE CHINIMBIMI
14,MORONA SANTIAGO,1406,SUCUA,140650,SUCUA
14,MORONA SANTIAGO,1406,SUCUA,140651,ASUNCION
14,MORONA SANTIAGO,1406,SUCUA,140652,HUAMBI
14,MORONA SANTIAGO,1406,SUCUA,140653,LOGROÑO
14,MORONA SANTIAGO,1406,SUCUA,140654,YAUPI
14,MORONA SANTIAGO,1406,SUCUA,140655,SANTA MARIANITA DE JESUS
14,MORONA SANTIAGO,1407,HUAMBOYA,140750,HUAMBOYA
14,MORONA SANTIAGO,1407,HUAMBOYA,140751,CHIGUAZA
14,MORONA SANTIAGO,1407,HUAMBOYA,140752,PABLO SEXTO
14,MORONA SANTIAGO,1408,SAN JUAN BOSCO,140850,SAN JUAN BOSCO
14,MORONA SANTIAGO,1408,SAN JUAN BOSCO,140851,PAN DE AZUCAR
14,MORONA SANTIAGO,1408,SAN JUAN BOSCO,140852,SAN CARLOS DE LIMON
14,MORONA SANTIAGO,1408,SAN JUAN BOSCO,140853,SAN JACINTO DE WAKAMBEIS
14,MORONA SANTIAGO,1408,SAN JUAN BOSCO,140854,SANTIAGO DE PANANZA
14,MORONA SANTIAGO,1409,TAISHA,140950,TAISHA
14,MORONA SANTIAGO,1409,TAISHA,140951,HUASAGA (CAB. EN WAMPUIK)
14,MORONA SANTIAGO,1409,TAISHA,140952,MACUMA
14,MORONA SANTIAGO,1409,TAISHA,140953,TUUTINENTZA
14,MORONA SANTIAGO,1409,TAISHA,140954,PUMPUENTSA
14,MORONA SANTIAGO,1410,LOGROÑO,141050,LOGROÑO
14,MORONA SANTIAGO,1410,LOGROÑO,141051,YAUPI
14,MORONA SANTIAGO,1410,LOGROÑO,141052,SHIMPIS
14,MORONA SANTIAGO,1411,PABLO SEXTO,141150,PABLO SEXTO
14,MORONA SANTIAGO,1412,TIWINTZA,141250,SANTIAGO
14,MORONA SANTIAGO,1412,TIWINTZA,141251,SAN JOSE DE MORONA
15,NAPO,1501,TENA,150150,TENA
15,NAPO,1501,TENA,150151,AHUANO
15,NAPO,1501,TENA,150152,CARLOS JULIO AROSEMENA TOLA (ZATZA-YACU)
15,NAPO,1501,TENA,150153,CHONTAPUNTA
15,NAPO,1501,TENA,150154,PANO
15,NAPO,1501,TENA,150155,PUERTO MISAHUALLI
15,NAPO,1501,TENA,150156,PUERTO NAPO
15,NAPO,1501,TENA,150157,TALAG
15,NAPO,1501,TENA,150158,SAN JUAN DE MUYUNA
15,NAPO,1503,ARCHIDONA,150350,ARCHIDONA
15,NAPO,1503,ARCHIDONA,150351,AVILA
15,NAPO,1503,ARCHIDONA,150352,COTUNDO
15,NAPO,1503,ARCHIDONA,150353,LORETO
15,NAPO,1503,ARCHIDONA,150354,SAN PABLO DE USHPAYACU
15,NAPO,1503,ARCHIDONA,150355,PUERTO MURIALDO
15,NAPO,1503,ARCHIDONA,150356,HATUN SUMAKU
15,NAPO,1504,EL CHACO,150450,EL CHACO
15,NAPO,1504,EL CHACO,150451,GONZALO DIAZ DE PINEDA (EL BOMBON)
15,NAPO,1504,EL CHACO,150452,LINARES
15,NAPO,1504,EL CHACO,150453,OYACACHI
15,NAPO,1504,EL CHACO,150454,SANTA ROSA
15,NAPO,1504,EL CHACO,150455,SARDINAS
15,NAPO,1507,QUIJOS,150750,BAEZA
15,NAPO,1507,QUIJOS,150751,COSANGA
15,NAPO,1507,QUIJOS,150752,CUYUJA
15,NAPO,1507,QUIJOS,150753,PAPALLACTA
15,NAPO,1507,QUIJOS,150754,SAN FRANCISCO DE BORJA (VIRGILIO DAVILA)
15,NAPO,1507,QUIJOS,150755,SAN JOSE DE PAYAMINO
15,NAPO,1507,QUIJOS,150756,SUMACO
15,NAPO,1509,CARLOS JULIO AROSEMENA T.,150950,CARLOS JULIO AROSEMENA T.
16,PASTAZA,1601,PASTAZA,160150,PUYO
16,PASTAZA,1601,PASTAZA,160151,ARAJUNO
16,PASTAZA,1601,PASTAZA,160152,CANELOS
16,PASTAZA,1601,PASTAZA,160153,CURARAY
16,PASTAZA,1601,PASTAZA,160154,DIEZ DE AGOSTO
16,PASTAZA,1601,PASTAZA,160155,FATIMA
16,PASTAZA,1601,PASTAZA,160156,MONTALVO (ANDOAS)
16,PASTAZA,1601,PASTAZA,160157,POMONA
16,PASTAZA,1601,PASTAZA,160158,RIO CORRIENTES
16,PASTAZA,1601,PASTAZA,160159,RIO TIGRE
16,PASTAZA,1601,PASTAZA,160160,SANTA CLARA
16,PASTAZA,1601,PASTAZA,160161,SARAYACU
16,PASTAZA,1601,PASTAZA,160162,SIMON BOLIVAR (CAB. EN MUSHULLACTA)
16,PASTAZA,1601,PASTAZA,160163,TARQUI
16,PASTAZA,1601,PASTAZA,160164,TENIENTE HUGO ORTIZ
16,PASTAZA,1601,PASTAZA,160165,VERACRUZ (CAB. EN INDILLAMA)
16,PASTAZA,1601,PASTAZA,160166,EL TRIUNFO
16,PASTAZA,1602,MERA,160250,MERA
16,PASTAZA,1602,MERA,160251,MADRE TIERRA
16,PASTAZA,1602,MERA,160252,SHELL
16,PASTAZA,1603,SANTA CLARA,160350,SANTA CLARA
16,PASTAZA,1603,SANTA CLARA,160351,SAN JOSE
16,PASTAZA,1604,ARAJUNO,160450,ARAJUNO
16,PASTAZA,1604,ARAJUNO,160451,CURARAY
17,PICHINCHA,1701,QUITO,170101,BELISARIO QUEVEDO
17,PICHINCHA,1701,QUITO,170102,CARCELEN
17,PICHINCHA,1701,QUITO,170103,CENTRO HISTORICO
17,PICHINCHA,1701,QUITO,170104,COCHAPAMBA
17,PICHINCHA,1701,QUITO,170105,COMITÉ DEL PUEBLO
17,PICHINCHA,1701,QUITO,170106,COTOCOLLAO
17,PICHINCHA,1701,QUITO,170107,CHILIBULO
17,PICHINCHA,1701,QUITO,170108,CHILLOGALLO
17,PICHINCHA,1701,QUITO,170109,CHIMBACALLE
17,PICHINCHA,1701,QUITO,170110,EL CONDADO
17,PICHINCHA,1701,QUITO,170111,GUAMANI
17,PICHINCHA,1701,QUITO,170112,IÑAQUITO
17,PICHINCHA,1701,QUITO,170113,ITCHIMBIA
17,PICHINCHA,1701,QUITO,170114,JIPIJAPA
17,PICHINCHA,1701,QUITO,170115,KENNEDY
17,PICHINCHA,1701,QUITO,170116,LA ARGELIA
17,PICHINCHA,1701,QUITO,170117,LA CONCEPCION
17,PICHINCHA,1701,QUITO,170118,LA ECUATORIANA
17,PICHINCHA,1701,QUITO,170119,LA FERROVIARIA
17,PICHINCHA,1701,QUITO,170120,LA LIBERTAD
17,PICHINCHA,1701,QUITO,170121,LA MAGDALENA
17,PICHINCHA,1701,QUITO,170122,LA MENA
17,PICHINCHA,1701,QUITO,170123,MARISCAL SUCRE
17,PICHINCHA,1701,QUITO,170124,PONCEANO
17,PICHINCHA,1701,QUITO,170125,PUENGASI
17,PICHINCHA,1701,QUITO,170126,QUITUMBE
17,PICHINCHA,1701,QUITO,170127,RUMIPAMBA
17,PICHINCHA,1701,QUITO,170128,SAN BARTOLO 
17,PICHINCHA,1701,QUITO,170129,SAN ISIDRO DEL INCA
17,PICHINCHA,1701,QUITO,170130,SAN JUAN
17,PICHINCHA,1701,QUITO,170131,SOLANDA
17,PICHINCHA,1701,QUITO,170132,TURUBAMBA
17,PICHINCHA,1701,QUITO,170150,QUITO DISTRITO METROPOLITANO
17,PICHINCHA,1701,QUITO,170151,ALANGASI
17,PICHINCHA,1701,QUITO,170152,AMAGUAÑA
17,PICHINCHA,1701,QUITO,170153,ATAHUALPA (HABASPAMBA)
17,PICHINCHA,1701,QUITO,170154,CALACALI
17,PICHINCHA,1701,QUITO,170155,CALDERON (CARAPUNGO)
17,PICHINCHA,1701,QUITO,170156,CONOCOTO
17,PICHINCHA,1701,QUITO,170157,CUMBAYA
17,PICHINCHA,1701,QUITO,170158,CHAVEZPAMBA
17,PICHINCHA,1701,QUITO,170159,CHECA (CHILPA)
17,PICHINCHA,1701,QUITO,170160,EL QUINCHE
17,PICHINCHA,1701,QUITO,170161,GUALEA
17,PICHINCHA,1701,QUITO,170162,GUANGOPOLO
17,PICHINCHA,1701,QUITO,170163,GUAYLLABAMBA
17,PICHINCHA,1701,QUITO,170164,LA MERCED
17,PICHINCHA,1701,QUITO,170165,LLANO CHICO
17,PICHINCHA,1701,QUITO,170166,LLOA
17,PICHINCHA,1701,QUITO,170167,MINDO
17,PICHINCHA,1701,QUITO,170168,NANEGAL
17,PICHINCHA,1701,QUITO,170169,NANEGALITO
17,PICHINCHA,1701,QUITO,170170,NAYON
17,PICHINCHA,1701,QUITO,170171,NONO
17,PICHINCHA,1701,QUITO,170172,PACTO
17,PICHINCHA,1701,QUITO,170173,PEDRO VICENTE MALDONADO
17,PICHINCHA,1701,QUITO,170174,PERUCHO
17,PICHINCHA,1701,QUITO,170175,PIFO
17,PICHINCHA,1701,QUITO,170176,PINTAG
17,PICHINCHA,1701,QUITO,170177,POMASQUI
17,PICHINCHA,1701,QUITO,170178,PUELLARO
17,PICHINCHA,1701,QUITO,170179,PUEMBO
17,PICHINCHA,1701,QUITO,170180,SAN ANTONIO
17,PICHINCHA,1701,QUITO,170181,SAN JOSE DE MINAS
17,PICHINCHA,1701,QUITO,170182,SAN MIGUEL DE LOS BANCOS
17,PICHINCHA,1701,QUITO,170183,TABABELA
17,PICHINCHA,1701,QUITO,170184,TUMBACO
17,PICHINCHA,1701,QUITO,170185,YARUQUI
17,PICHINCHA,1701,QUITO,170186,ZAMBIZA
17,PICHINCHA,1701,QUITO,170187,PUERTO QUITO
17,PICHINCHA,1702,CAYAMBE,170201,AYORA
17,PICHINCHA,1702,CAYAMBE,170202,CAYAMBE
17,PICHINCHA,1702,CAYAMBE,170203,JUAN MONTALVO
17,PICHINCHA,1702,CAYAMBE,170250,CAYAMBE
17,PICHINCHA,1702,CAYAMBE,170251,ASCAZUBI
17,PICHINCHA,1702,CAYAMBE,170252,CANGAHUA
17,PICHINCHA,1702,CAYAMBE,170253,OLMEDO (PESILLO)
17,PICHINCHA,1702,CAYAMBE,170254,OTON
17,PICHINCHA,1702,CAYAMBE,170255,SANTA ROSA DE CUZUBAMBA
17,PICHINCHA,1702,CAYAMBE,170256,SAN JOSE DE AYORA
17,PICHINCHA,1703,MEJIA,170350,MACHACHI
17,PICHINCHA,1703,MEJIA,170351,ALOAG
17,PICHINCHA,1703,MEJIA,170352,ALOASI
17,PICHINCHA,1703,MEJIA,170353,CUTUGLAHUA
17,PICHINCHA,1703,MEJIA,170354,EL CHAUPI
17,PICHINCHA,1703,MEJIA,170355,MANUEL CORNEJO ASTORGA (TANDAPI)
17,PICHINCHA,1703,MEJIA,170356,TAMBILLO
17,PICHINCHA,1703,MEJIA,170357,UYUMBICHO
17,PICHINCHA,1704,PEDRO MONCAYO,170450,TABACUNDO
17,PICHINCHA,1704,PEDRO MONCAYO,170451,LA ESPERANZA
17,PICHINCHA,1704,PEDRO MONCAYO,170452,MALCHINGUI
17,PICHINCHA,1704,PEDRO MONCAYO,170453,TOCACHI
17,PICHINCHA,1704,PEDRO MONCAYO,170454,TUPIGACHI
17,PICHINCHA,1705,RUMIÑAHUI,170501,SANGOLQUI
17,PICHINCHA,1705,RUMIÑAHUI,170502,SAN PEDRO DE TABOADA
17,PICHINCHA,1705,RUMIÑAHUI,170503,SAN RAFAEL
17,PICHINCHA,1705,RUMIÑAHUI,170550,SANGOLQUI
17,PICHINCHA,1705,RUMIÑAHUI,170551,COTOGCHOA
17,PICHINCHA,1705,RUMIÑAHUI,170552,RUMIPAMBA
17,PICHINCHA,1707,SAN MIGUEL DE LOS BANCOS,170750,SAN MIGUEL DE LOS BANCOS
17,PICHINCHA,1707,SAN MIGUEL DE LOS BANCOS,170751,MINDO
17,PICHINCHA,1707,SAN MIGUEL DE LOS BANCOS,170752,PEDRO VICENTE MALDONADO
17,PICHINCHA,1707,SAN MIGUEL DE LOS BANCOS,170753,PUERTO QUITO
17,PICHINCHA,1708,PEDRO VICENTE MALDONADO,170850,PEDRO VICENTE MALDONADO
17,PICHINCHA,1709,PUERTO QUITO,170950,PUERTO QUITO
18,TUNGURAHUA,1801,AMBATO,180101,ATOCHA - FICOA
18,TUNGURAHUA,1801,AMBATO,180102,CELIANO MONGE
18,TUNGURAHUA,1801,AMBATO,180103,HUACHI CHICO
18,TUNGURAHUA,1801,AMBATO,180104,HUACHI LORETO
18,TUNGURAHUA,1801,AMBATO,180105,LA MERCED
18,TUNGURAHUA,1801,AMBATO,180106,LA PENINSULA
18,TUNGURAHUA,1801,AMBATO,180107,LA MATRIZ
18,TUNGURAHUA,1801,AMBATO,180108,PISHILATA
18,TUNGURAHUA,1801,AMBATO,180109,SAN FRANCISCO
18,TUNGURAHUA,1801,AMBATO,180150,AMBATO
18,TUNGURAHUA,1801,AMBATO,180151,AMBATILLO
18,TUNGURAHUA,1801,AMBATO,180152,ATAHUALPA (CHISALATA)
18,TUNGURAHUA,1801,AMBATO,180153,AUGUSTO N. MARTINEZ (MUNDUGLEO)
18,TUNGURAHUA,1801,AMBATO,180154,CONSTANTINO FERNANDEZ (CAB. EN CULLITAHUA)
18,TUNGURAHUA,1801,AMBATO,180155,HUACHI GRANDE
18,TUNGURAHUA,1801,AMBATO,180156,IZAMBA
18,TUNGURAHUA,1801,AMBATO,180157,JUAN BENIGNO VELA
18,TUNGURAHUA,1801,AMBATO,180158,MONTALVO
18,TUNGURAHUA,1801,AMBATO,180159,PASA
18,TUNGURAHUA,1801,AMBATO,180160,PICAIGUA
18,TUNGURAHUA,1801,AMBATO,180161,PILAGUIN (PILAHUIN)
18,TUNGURAHUA,1801,AMBATO,180162,QUISAPINCHA (QUIZAPINCHA)
18,TUNGURAHUA,1801,AMBATO,180163,SAN BARTOLOME DE PINLLOG
18,TUNGURAHUA,1801,AMBATO,180164,SAN FERNANDO (PASA SAN FERNANDO)
18,TUNGURAHUA,1801,AMBATO,180165,SANTA ROSA
18,TUNGURAHUA,1801,AMBATO,180166,TOTORAS
18,TUNGURAHUA,1801,AMBATO,180167,CUNCHIBAMBA
18,TUNGURAHUA,1801,AMBATO,180168,UNAMUNCHO
18,TUNGURAHUA,1802,BAÑOS DE AGUA SANTA,180250,BAÑOS DE AGUA SANTA
18,TUNGURAHUA,1802,BAÑOS DE AGUA SANTA,180251,LLIGUA
18,TUNGURAHUA,1802,BAÑOS DE AGUA SANTA,180252,RIO NEGRO
18,TUNGURAHUA,1802,BAÑOS DE AGUA SANTA,180253,RIO VERDE
18,TUNGURAHUA,1802,BAÑOS DE AGUA SANTA,180254,ULBA
18,TUNGURAHUA,1803,CEVALLOS,180350,CEVALLOS
18,TUNGURAHUA,1804,MOCHA,180450,MOCHA
18,TUNGURAHUA,1804,MOCHA,180451,PINGUILI
18,TUNGURAHUA,1805,PATATE,180550,PATATE
18,TUNGURAHUA,1805,PATATE,180551,EL TRIUNFO
18,TUNGURAHUA,1805,PATATE,180552,LOS ANDES (CAB. EN POATUG)
18,TUNGURAHUA,1805,PATATE,180553,SUCRE (CAB. EN SUCRE-PATATE URCU)
18,TUNGURAHUA,1806,QUERO,180650,QUERO
18,TUNGURAHUA,1806,QUERO,180651,RUMIPAMBA
18,TUNGURAHUA,1806,QUERO,180652,YANAYACU - MOCHAPATA (CAB. EN YANAYACU)
18,TUNGURAHUA,1807,SAN PEDRO DE PELILEO,180701,PELILEO
18,TUNGURAHUA,1807,SAN PEDRO DE PELILEO,180702,PELILEO GRANDE
18,TUNGURAHUA,1807,SAN PEDRO DE PELILEO,180750,PELILEO
18,TUNGURAHUA,1807,SAN PEDRO DE PELILEO,180751,BENITEZ (PACHANLICA)
18,TUNGURAHUA,1807,SAN PEDRO DE PELILEO,180752,BOLIVAR
18,TUNGURAHUA,1807,SAN PEDRO DE PELILEO,180753,COTALO
18,TUNGURAHUA,1807,SAN PEDRO DE PELILEO,180754,CHIQUICHA (CAB. EN CHIQUICHA GRANDE)
18,TUNGURAHUA,1807,SAN PEDRO DE PELILEO,180755,EL ROSARIO (RUMICHACA)
18,TUNGURAHUA,1807,SAN PEDRO DE PELILEO,180756,GARCIA MORENO (CHUMAQUI)
18,TUNGURAHUA,1807,SAN PEDRO DE PELILEO,180757,GUAMBALO (HUAMBALO)
18,TUNGURAHUA,1807,SAN PEDRO DE PELILEO,180758,SALASACA
18,TUNGURAHUA,1808,SANTIAGO DE PILLARO,180801,CIUDAD NUEVA
18,TUNGURAHUA,1808,SANTIAGO DE PILLARO,180802,PILLARO
18,TUNGURAHUA,1808,SANTIAGO DE PILLARO,180850,PILLARO
18,TUNGURAHUA,1808,SANTIAGO DE PILLARO,180851,BAQUERIZO MORENO
18,TUNGURAHUA,1808,SANTIAGO DE PILLARO,180852,EMILIO MARIA TERAN (RUMIPAMBA)
18,TUNGURAHUA,1808,SANTIAGO DE PILLARO,180853,MARCOS ESPINEL (CHACATA)
18,TUNGURAHUA,1808,SANTIAGO DE PILLARO,180854,PRESIDENTE URBINA (CHAGRAPAMBA-PATZUCUL)
18,TUNGURAHUA,1808,SANTIAGO DE PILLARO,180855,SAN ANDRES
18,TUNGURAHUA,1808,SANTIAGO DE PILLARO,180856,SAN JOSE DE POALO
18,TUNGURAHUA,1808,SANTIAGO DE PILLARO,180857,SAN MIGUELITO
18,TUNGURAHUA,1809,TISALEO,180950,TISALEO
18,TUNGURAHUA,1809,TISALEO,180951,QUINCHICOTO
19,ZAMORA CHINCHIPE,1901,ZAMORA,190101,LIMON
19,ZAMORA CHINCHIPE,1901,ZAMORA,190102,ZAMORA
19,ZAMORA CHINCHIPE,1901,ZAMORA,190150,ZAMORA
19,ZAMORA CHINCHIPE,1901,ZAMORA,190151,CUMBARATZA
19,ZAMORA CHINCHIPE,1901,ZAMORA,190152,GUADALUPE
19,ZAMORA CHINCHIPE,1901,ZAMORA,190153,IMBANA (LA VICTORIA DE IMBANA)
19,ZAMORA CHINCHIPE,1901,ZAMORA,190154,PAQUISHA
19,ZAMORA CHINCHIPE,1901,ZAMORA,190155,SABANILLA
19,ZAMORA CHINCHIPE,1901,ZAMORA,190156,TIMBARA
19,ZAMORA CHINCHIPE,1901,ZAMORA,190157,ZUMBI
19,ZAMORA CHINCHIPE,1901,ZAMORA,190158,SAN CARLOS DE LAS MINAS
19,ZAMORA CHINCHIPE,1902,CHINCHIPE,190250,ZUMBA
19,ZAMORA CHINCHIPE,1902,CHINCHIPE,190251,CHITO
19,ZAMORA CHINCHIPE,1902,CHINCHIPE,190252,EL CHORRO
19,ZAMORA CHINCHIPE,1902,CHINCHIPE,190253,EL PORVENIR DEL CARMEN
19,ZAMORA CHINCHIPE,1902,CHINCHIPE,190254,LA CHONTA
19,ZAMORA CHINCHIPE,1902,CHINCHIPE,190255,PALANDA
19,ZAMORA CHINCHIPE,1902,CHINCHIPE,190256,PUCAPAMBA
19,ZAMORA CHINCHIPE,1902,CHINCHIPE,190257,SAN FRANCISCO DE VERGEL
19,ZAMORA CHINCHIPE,1902,CHINCHIPE,190258,VALLADOLID
19,ZAMORA CHINCHIPE,1902,CHINCHIPE,190259,SAN ANDRÉS
19,ZAMORA CHINCHIPE,1903,NANGARITZA,190350,GUAYZIMI
19,ZAMORA CHINCHIPE,1903,NANGARITZA,190351,ZURMI
19,ZAMORA CHINCHIPE,1903,NANGARITZA,190352,NUEVO PARAISO
19,ZAMORA CHINCHIPE,1904,YACUAMBI,190450,28 DE MAYO (SAN JOSE DE YACUAMBI)
19,ZAMORA CHINCHIPE,1904,YACUAMBI,190451,LA PAZ
19,ZAMORA CHINCHIPE,1904,YACUAMBI,190452,TUTUPALI
19,ZAMORA CHINCHIPE,1905,YANTZAZA,190550,YANTZAZA (YANZATZA)
19,ZAMORA CHINCHIPE,1905,YANTZAZA,190551,CHICAÑA
19,ZAMORA CHINCHIPE,1905,YANTZAZA,190552,EL PANGUI
19,ZAMORA CHINCHIPE,1905,YANTZAZA,190553,LOS ENCUENTROS
19,ZAMORA CHINCHIPE,1906,EL PANGUI,190650,EL PANGUI
19,ZAMORA CHINCHIPE,1906,EL PANGUI,190651,EL GUISMI
19,ZAMORA CHINCHIPE,1906,EL PANGUI,190652,PACHICUTZA
19,ZAMORA CHINCHIPE,1906,EL PANGUI,190653,TUNDAYME
19,ZAMORA CHINCHIPE,1907,CENTINELA DEL CONDOR,190750,ZUMBI
19,ZAMORA CHINCHIPE,1907,CENTINELA DEL CONDOR,190751,PAQUISHA
19,ZAMORA CHINCHIPE,1907,CENTINELA DEL CONDOR,190752,TRIUNFO-DORADO
19,ZAMORA CHINCHIPE,1907,CENTINELA DEL CONDOR,190753,PANGUINTZA
19,ZAMORA CHINCHIPE,1908,PALANDA,190850,PALANDA
19,ZAMORA CHINCHIPE,1908,PALANDA,190851,EL PORVENIR DEL CARMEN
19,ZAMORA CHINCHIPE,1908,PALANDA,190852,SAN FRANCISCO DE VERGEL
19,ZAMORA CHINCHIPE,1908,PALANDA,190853,VALLADOLID
19,ZAMORA CHINCHIPE,1908,PALANDA,190854,LA CANELA
19,ZAMORA CHINCHIPE,1909,PAQUISHA,190950,PAQUISHA
19,ZAMORA CHINCHIPE,1909,PAQUISHA,190951,BELLAVISTA
19,ZAMORA CHINCHIPE,1909,PAQUISHA,190952,NUEVO QUITO
20,GALAPAGOS,2001,SAN CRISTOBAL,200150,PUERTO BAQUERIZO MORENO
20,GALAPAGOS,2001,SAN CRISTOBAL,200151,EL PROGRESO
20,GALAPAGOS,2001,SAN CRISTOBAL,200152,ISLA SANTA MARIA (FLOREANA) (CAB. EN PTO. VELASCO IBARRA)
20,GALAPAGOS,2002,ISABELA,200250,PUERTO VILLAMIL
20,GALAPAGOS,2002,ISABELA,200251,TOMAS DE BERLANGA (SANTO TOMAS)
20,GALAPAGOS,2003,SANTA CRUZ,200350,PUERTO AYORA
20,GALAPAGOS,2003,SANTA CRUZ,200351,BELLAVISTA
20,GALAPAGOS,2003,SANTA CRUZ,200352,SANTA ROSA (INCLUYE LA ISLA BALTRA)
21,SUCUMBIOS,2101,LAGO AGRIO,210150,NUEVA LOJA
21,SUCUMBIOS,2101,LAGO AGRIO,210151,CUYABENO
21,SUCUMBIOS,2101,LAGO AGRIO,210152,DURENO
21,SUCUMBIOS,2101,LAGO AGRIO,210153,GENERAL FARFAN
21,SUCUMBIOS,2101,LAGO AGRIO,210154,TARAPOA
21,SUCUMBIOS,2101,LAGO AGRIO,210155,EL ENO
21,SUCUMBIOS,2101,LAGO AGRIO,210156,PACAYACU
21,SUCUMBIOS,2101,LAGO AGRIO,210157,JAMBELI
21,SUCUMBIOS,2101,LAGO AGRIO,210158,SANTA CECILIA
21,SUCUMBIOS,2101,LAGO AGRIO,210159,AGUAS NEGRAS
21,SUCUMBIOS,2101,LAGO AGRIO,210160,10 DE AGOSTO
21,SUCUMBIOS,2102,GONZALO PIZARRO,210250,LUMBAQUI (EL DORADO DE CASCALES)
21,SUCUMBIOS,2102,GONZALO PIZARRO,210251,EL REVENTADOR
21,SUCUMBIOS,2102,GONZALO PIZARRO,210252,GONZALO PIZARRO
21,SUCUMBIOS,2102,GONZALO PIZARRO,210253,LUMBAQUI
21,SUCUMBIOS,2102,GONZALO PIZARRO,210254,PUERTO LIBRE
21,SUCUMBIOS,2102,GONZALO PIZARRO,210255,SANTA ROSA DE SUCUMBIOS
21,SUCUMBIOS,2103,PUTUMAYO,210350,PUERTO EL CARMEN DEL PUTUMAYO
21,SUCUMBIOS,2103,PUTUMAYO,210351,PALMA ROJA
21,SUCUMBIOS,2103,PUTUMAYO,210352,PUERTO BOLIVAR (PUERTO MONTUFAR)
21,SUCUMBIOS,2103,PUTUMAYO,210353,PUERTO RODRIGUEZ
21,SUCUMBIOS,2103,PUTUMAYO,210354,SANTA ELENA
21,SUCUMBIOS,2104,SHUSHUFINDI,210450,SHUSHUFINDI
21,SUCUMBIOS,2104,SHUSHUFINDI,210451,LIMONCOCHA
21,SUCUMBIOS,2104,SHUSHUFINDI,210452,PAÑACOCHA
21,SUCUMBIOS,2104,SHUSHUFINDI,210453,SAN ROQUE (CAB. EN SAN VICENTE)
21,SUCUMBIOS,2104,SHUSHUFINDI,210454,SAN PEDRO DE LOS COFANES
21,SUCUMBIOS,2104,SHUSHUFINDI,210455,SIETE DE JULIO
21,SUCUMBIOS,2105,SUCUMBIOS,210550,LA BONITA
21,SUCUMBIOS,2105,SUCUMBIOS,210551,EL PLAYON DE SAN FRANCISCO
21,SUCUMBIOS,2105,SUCUMBIOS,210552,LA SOFIA
21,SUCUMBIOS,2105,SUCUMBIOS,210553,ROSA FLORIDA
21,SUCUMBIOS,2105,SUCUMBIOS,210554,SANTA BARBARA
21,SUCUMBIOS,2106,CASCALES,210650,EL DORADO DE CASCALES
21,SUCUMBIOS,2106,CASCALES,210651,SANTA ROSA DE SUCUMBIOS
21,SUCUMBIOS,2106,CASCALES,210652,SEVILLA
21,SUCUMBIOS,2107,CUYABENO,210750,TARAPOA
21,SUCUMBIOS,2107,CUYABENO,210751,CUYABENO
21,SUCUMBIOS,2107,CUYABENO,210752,AGUAS NEGRAS
22,ORELLANA,2201,FRANCISCO DE ORELLANA,220150,PUERTO FRANCISCO DE ORELLANA (EL COCA)
22,ORELLANA,2201,FRANCISCO DE ORELLANA,220151,DAYUMA
22,ORELLANA,2201,FRANCISCO DE ORELLANA,220152,TARACOA (NUEVA ESPERANZA: YUCA)
22,ORELLANA,2201,FRANCISCO DE ORELLANA,220153,ALEJANDRO LABAKA
22,ORELLANA,2201,FRANCISCO DE ORELLANA,220154,EL DORADO
22,ORELLANA,2201,FRANCISCO DE ORELLANA,220155,EL EDEN
22,ORELLANA,2201,FRANCISCO DE ORELLANA,220156,GARCIA MORENO
22,ORELLANA,2201,FRANCISCO DE ORELLANA,220157,INES ARANGO (CAB. EN WESTERN)
22,ORELLANA,2201,FRANCISCO DE ORELLANA,220158,LA BELLEZA
22,ORELLANA,2201,FRANCISCO DE ORELLANA,220159,NUEVO PARAISO (CAB. EN UNION CHIMBORAZO)
22,ORELLANA,2201,FRANCISCO DE ORELLANA,220160,SAN JOSE DE GUAYUSA
22,ORELLANA,2201,FRANCISCO DE ORELLANA,220161,SAN LUIS DE ARMENIA
22,ORELLANA,2202,AGUARICO,220250,NUEVO ROCAFUERTE
22,ORELLANA,2202,AGUARICO,220251,CAPITAN AUGUSTO RIVADENEIRA
22,ORELLANA,2202,AGUARICO,220252,CONONACO
22,ORELLANA,2202,AGUARICO,220253,SANTA MARIA DE HUIRIRIMA
22,ORELLANA,2202,AGUARICO,220254,TIPUTINI
22,ORELLANA,2202,AGUARICO,220255,YASUNI
22,ORELLANA,2203,LA JOYA DE LOS SACHAS,220350,LA JOYA DE LOS SACHAS
22,ORELLANA,2203,LA JOYA DE LOS SACHAS,220351,ENOKANQUI
22,ORELLANA,2203,LA JOYA DE LOS SACHAS,220352,POMPEYA
22,ORELLANA,2203,LA JOYA DE LOS SACHAS,220353,SAN CARLOS
22,ORELLANA,2203,LA JOYA DE LOS SACHAS,220354,SAN SEBASTIAN DEL COCA
22,ORELLANA,2203,LA JOYA DE LOS SACHAS,220355,LAGO SAN PEDRO
22,ORELLANA,2203,LA JOYA DE LOS SACHAS,220356,RUMIPAMBA
22,ORELLANA,2203,LA JOYA DE LOS SACHAS,220357,TRES DE NOVIEMBRE
22,ORELLANA,2203,LA JOYA DE LOS SACHAS,220358,UNION MILAGREÑA
22,ORELLANA,2204,LORETO,220450,LORETO
22,ORELLANA,2204,LORETO,220451,AVILA (CAB. EN HUIRUNO)
22,ORELLANA,2204,LORETO,220452,PUERTO MURIALDO
22,ORELLANA,2204,LORETO,220453,SAN JOSE DEL PAYAMINO
22,ORELLANA,2204,LORETO,220454,SAN JOSE DE DAHUANO
22,ORELLANA,2204,LORETO,220455,SAN VICENTE DE HUATICOCHA
23,SANTO DOMINGO DE LOS TSÁCHILAS,2301,SANTO DOMINGO,230101,ABRAHAM CALAZACÓN
23,SANTO DOMINGO DE LOS TSÁCHILAS,2301,SANTO DOMINGO,230102,BOMBOLI
23,SANTO DOMINGO DE LOS TSÁCHILAS,2301,SANTO DOMINGO,230103,CHIGUILPE
23,SANTO DOMINGO DE LOS TSÁCHILAS,2301,SANTO DOMINGO,230104,RÍO TOACHI
23,SANTO DOMINGO DE LOS TSÁCHILAS,2301,SANTO DOMINGO,230105,RÍO VERDE
23,SANTO DOMINGO DE LOS TSÁCHILAS,2301,SANTO DOMINGO,230106,SANTO DOMINGO DE LOS COLORADOS
23,SANTO DOMINGO DE LOS TSÁCHILAS,2301,SANTO DOMINGO,230107,ZARACAY
23,SANTO DOMINGO DE LOS TSÁCHILAS,2301,SANTO DOMINGO,230150,SANTO DOMINGO DE LOS COLORADOS
23,SANTO DOMINGO DE LOS TSÁCHILAS,2301,SANTO DOMINGO,230151,ALLURIQUÍN
23,SANTO DOMINGO DE LOS TSÁCHILAS,2301,SANTO DOMINGO,230152,PUERTO LIMÓN
23,SANTO DOMINGO DE LOS TSÁCHILAS,2301,SANTO DOMINGO,230153,LUZ DE AMÉRICA
23,SANTO DOMINGO DE LOS TSÁCHILAS,2301,SANTO DOMINGO,230154,SAN JACINTO DEL BUA
23,SANTO DOMINGO DE LOS TSÁCHILAS,2301,SANTO DOMINGO,230155,VALLE HERMOSO
23,SANTO DOMINGO DE LOS TSÁCHILAS,2301,SANTO DOMINGO,230156,EL ESFUERZO
23,SANTO DOMINGO DE LOS TSÁCHILAS,2301,SANTO DOMINGO,230157,SANTA MARÍA DEL TOACHI
24,SANTA ELENA,2401,SANTA ELENA,240101,BALLENITA
24,SANTA ELENA,2401,SANTA ELENA,240102,SANTA ELENA
24,SANTA ELENA,2401,SANTA ELENA,240150,SANTA ELENA
24,SANTA ELENA,2401,SANTA ELENA,240151,ATAHUALPA
24,SANTA ELENA,2401,SANTA ELENA,240152,COLONCHE
24,SANTA ELENA,2401,SANTA ELENA,240153,CHANDUY
24,SANTA ELENA,2401,SANTA ELENA,240154,MANGLARALTO
24,SANTA ELENA,2401,SANTA ELENA,240155,SIMÓN BOLÍVAR (JULIO MORENO)
24,SANTA ELENA,2401,SANTA ELENA,240156,SAN JOSÉ DE ANCÓN
24,SANTA ELENA,2402,LA LIBERTAD,240250,LA LIBERTAD
24,SANTA ELENA,2403,SALINAS,240301,CARLOS ESPINOZA LARREA
24,SANTA ELENA,2403,SALINAS,240302,GRAL ALBERTO ENRIQUEZ GALLO
24,SANTA ELENA,2403,SALINAS,240303,VICENTE ROCAFUERTE
24,SANTA ELENA,2403,SALINAS,240304,SANTA ROSA
24,SANTA ELENA,2403,SALINAS,240350,SALINAS
24,SANTA ELENA,2403,SALINAS,240351,ANCONCITO
24,SANTA ELENA,2403,SALINAS,240352,JOSÉ LUIS TAMAYO (MUEY)
